WPPostId,CommonName,ObservationLocation,HasImage,ImageURL,HasGPS,Latitude,Longitude
200530,Thread-waisted wasp,near Moose Hill,true,https://sharonfoc.org/wp-content/uploads/2026/07/Common-thread-waisted-wasp-7-11-26.jpeg,false,,
200516,American Black Bear,Gunhouse St. near Deborah Sampson Park,true,https://sharonfoc.org/wp-content/uploads/2026/07/Black-bear-7-5-26-303pm.jpeg,false,,
200519,Rasberry Slime Mold,Trowel Pond trail,true,https://sharonfoc.org/wp-content/uploads/ninja-forms/10/PXL_20260627_162227517cbg.jpg,true,42.14414166666667,-71.17691944444445
200525,Coral Slime Mold,Trowl Pond trail,true,https://sharonfoc.org/wp-content/uploads/2026/07/Coral-slime-mold-Gaurav-Shah-6-28-26.jpeg,false,,
200523,Wolf’s Milk Slime Mold,Borderland State Park,true,https://sharonfoc.org/wp-content/uploads/ninja-forms/10/lycogala.jpg,false,,
200495,Barn Swallow,stone hut by Upper Leach Pond at Borderland State Park,true,https://sharonfoc.org/wp-content/uploads/2026/06/DSC8489-1.jpeg,false,,
200489,Eastern Box Turtle,Moose Hill Farm,false,,false,,
200501,Little Wood Satyr butterfly,Moose Hill Audubon Wildlife Sanctuary,true,https://sharonfoc.org/wp-content/uploads/2026/06/Wood-satyr-5-26-26-740am.jpeg,false,,
200504,Ash Tree (diseased),Moose Hill Audubon Wildlife Sanctuary,true,https://sharonfoc.org/wp-content/uploads/2026/06/Dead-ash-tree-5-26-26-640am-scaled.jpeg,false,,
200460,Magnolia Warbler,Trustees of Reservations’ Moose Hill Farm,true,https://sharonfoc.org/wp-content/uploads/2026/05/Magnolia-warbler-5-20-26-725am.jpeg,false,,
200455,Leopard’s-bane,Sharon Historical Society at 16 High St.,true,https://sharonfoc.org/wp-content/uploads/2026/05/leopards-bane-5-19-26-1035am.jpeg,false,,
200444,Yellow-billed Cuckoo,Moose Hill Audubon Wildlife Sanctuary (by the field behind the barn on the Billings Loop),true,https://sharonfoc.org/wp-content/uploads/2026/05/Yellow-billed-cuckoo-5-19-26-844am.jpeg,false,,
200447,Cedar Waxwing,Moose Hill Audubon Wildlife Sanctuary,true,https://sharonfoc.org/wp-content/uploads/2026/05/Cedar-waxwing-back-5-19-26-730am.jpeg,false,,
200458,Eastern Box Turtle,Moose Hill Farm,true,https://sharonfoc.org/wp-content/uploads/ninja-forms/10/20260516_085514.jpg,false,,
200422,American redstart,TTOR’s Moose Hill Farm,true,https://sharonfoc.org/wp-content/uploads/2026/05/Redstart-5-13-26-551pm.jpeg,false,,
200429,Indigo Bunting,Moose Hill Farm (TTOR) under the power lines,true,https://sharonfoc.org/wp-content/uploads/2026/05/Indigo-bunting-5-13-26-401pm.jpeg,false,,
200434,Great-crested flycatcher,TTOR’s Moose Hill Farm,true,https://sharonfoc.org/wp-content/uploads/2026/05/Great-crested-flycatcher-5-13-26-240pm.jpeg,false,,
200410,Yellow warbler,near Billings Brook,true,https://sharonfoc.org/wp-content/uploads/2026/05/Yellow-warbler-5-12-26-409pm.jpeg,false,,
200406,Brown Thrasher,Gavins Pond Road near soccer field parking lot,true,https://sharonfoc.org/wp-content/uploads/2026/05/Brown-thrasher-5-12-26-753am.jpeg,false,,
200419,Common Yellowthroat,Moose Hill Audubon Wildlife Sanctuary (boardwalk),true,https://sharonfoc.org/wp-content/uploads/2026/05/Common-yellowthroat-5-11-26-1027am.jpeg,false,,
200416,Warbling Vireo,near Gavins Pond,true,https://sharonfoc.org/wp-content/uploads/2026/05/Warbling-vireo-5-12-26-735am.jpeg,false,,
200395,Blue-winged Warbler,Moose Hill Audubon Wildlife Sanctuary,true,https://sharonfoc.org/wp-content/uploads/2026/05/Blue-winged-warbler-5-7-26.jpeg,false,,
200391,Ovenbird,Moose Hill Audubon Wildlife Sanctuary,true,https://sharonfoc.org/wp-content/uploads/2026/05/Ovenbird-5-7-26-1215pm.jpeg,false,,
200398,Red-tailed Hawk,Moose Hill Audubon Wildlife Sanctuary,true,https://sharonfoc.org/wp-content/uploads/2026/05/Red-tailed-hawk-5-7-26-1110am-scaled.jpeg,false,,
200401,Baltimore Oriole,Moose Hill Audubon Wildlife Sanctuary,true,https://sharonfoc.org/wp-content/uploads/2026/05/Baltimore-oriole-5-7-26-835am.jpeg,false,,
200387,White-lipped Snail,Gavins Pond Road,true,https://sharonfoc.org/wp-content/uploads/2026/05/Brown-lipped-snail-5-6-26-810am.jpeg,false,,
200371,Worm-eating Warbler,Moose Hill Audubon Wildlife Sanctuary,true,https://sharonfoc.org/wp-content/uploads/2026/05/Worm-eating-warbler-5-5-26-1026am.jpeg,false,,
200350,Scarlet Tanager,Moose Hill Audubon Wildlife Sanctuary,true,https://sharonfoc.org/wp-content/uploads/2026/05/Scarlet-tanager-5-5-26-940am.jpeg,false,,
200361,Yellow-rumped Warbler (a.k.a. Myrtle Warbler),Moose Hill Audubon Wildlife Sanctuary,true,https://sharonfoc.org/wp-content/uploads/2026/05/Yellow-rumped-warbler-5-5-26-910am.jpeg,false,,
200356,Red-tailed Hawk,Moose Hill Audubon Wildlife Sanctuary,true,https://sharonfoc.org/wp-content/uploads/2026/05/red-tailed-hawk-5-5-26-845am.jpeg,false,,
200379,Baltimore Oriole,Moose Hill Audubon Wildlife Sanctuary,true,https://sharonfoc.org/wp-content/uploads/2026/05/Baltimore-oriole-5-4-26-846am.jpeg,false,,
200337,Brown Creeper,Near the foot bridge over Beaver Brook by the tennis courts,true,https://sharonfoc.org/wp-content/uploads/2026/05/Brown-creeper-5-1-26-930am.jpeg,false,,
200326,Mourning Dove,Moose Hill Audubon Wildlife Sanctuary,true,https://sharonfoc.org/wp-content/uploads/2026/05/Mourning-dove-5-1-26-845am-scaled.jpeg,false,,
200329,Palm Warbler,Moose Hill Audubon Wildlife Sanctuary (Billings Loop),true,https://sharonfoc.org/wp-content/uploads/2026/05/Palm-Warbler-5-1-26-701am.jpeg,false,,
200345,White-throated Sparrow,Moose Hill Audubon Wildlife Sanctuary,true,https://sharonfoc.org/wp-content/uploads/2026/05/White-throated-sparrow-5-1-26-715am.jpeg,false,,
200311,Ruby-throated Hummingbird (male),Gavins Pond Rd.,true,https://sharonfoc.org/wp-content/uploads/2026/04/Hummingbird-4-29-26-725pm-scaled.jpeg,false,,
200319,White-throated Sparrow,Moose Hill Audubon Wildlife Sanctuary,true,https://sharonfoc.org/wp-content/uploads/2026/04/White-throated-sparrow-4-29-26-1005am.jpeg,false,,
200316,Wild Turkey,Moose Hill Audubon Wildlife Sanctuary,true,https://sharonfoc.org/wp-content/uploads/2026/04/Wild-turkey-4-29-26-10am.jpeg,false,,
200323,Eastern chipmunk,Moose Hill Audubon Wildlife Sanctuary,true,https://sharonfoc.org/wp-content/uploads/2026/04/Chipmunk-4-29-26-945am.jpeg,false,,
200293,Field Sparrow,Moose Hill Farm (The Trustees of Reservations,true,https://sharonfoc.org/wp-content/uploads/2026/04/Field-sparrow-4-28-26-1115am.jpeg,false,,
200283,Blue-winged Warbler,Moose Hill Farm (The Trustees of Reservations),true,https://sharonfoc.org/wp-content/uploads/2026/04/Blue-winged-warbler-4-28-26-1010am.jpeg,false,,
200278,Prairie Warbler,Moose Hill Farm (The Trustees of Reservations),true,https://sharonfoc.org/wp-content/uploads/2026/04/Prairie-warbler-4-28-26-945am.jpeg,false,,
200297,American Kestrel (a.k.a. sparrow hawk),Moose Hill Farm (The Trustees of Reservations),true,https://sharonfoc.org/wp-content/uploads/2026/04/Kestrel-4-28-26-910am.jpeg,false,,
200300,Blue Jay,Moose Hill Audubon Wildlife Sanctuary,true,https://sharonfoc.org/wp-content/uploads/2026/04/Two-blue-jays-4-28-26-840am.jpeg,false,,
200267,Pine Warbler,Beaver Brook Trail near train station,true,https://sharonfoc.org/wp-content/uploads/2026/04/Pine-warbler-4-27-26-10-30am.jpeg,false,,
200271,Lesser Periwinkle,Moose Hill Audubon Wildlife Sanctuary,true,https://sharonfoc.org/wp-content/uploads/2026/04/Lsser-periwinkle-4-27-26-9-00-am-scaled.jpeg,false,,
200274,Common Blue Violet,Moose Hill Audubon Wildlife Sanctuary,true,https://sharonfoc.org/wp-content/uploads/2026/05/Common-blue-violet-5-15-26-1130am.jpeg,false,,
200249,Redwing blackbird,Moose Hill Audubon Wildlife Sanctuary,true,https://sharonfoc.org/wp-content/uploads/2026/04/Redwing-blackbird-4-24-26-1035am.jpeg,false,,
200240,Tufted Titmouse,Moose Hill Audubon Wildlife Sanctuary,true,https://sharonfoc.org/wp-content/uploads/2026/04/Tufted-titmouse-4-24-26-1031am.jpeg,false,,
200244,Ruby-crowned Kinglet,Moose Hill Audubon Wildlife Sanctuary,true,https://sharonfoc.org/wp-content/uploads/2026/04/Ruby-crowned-kinglet-4-24-26-850am.jpeg,false,,
200237,Narrow-leaved Spring Beauty,Moose Hill Audubon Wildlife Sanctuary,true,https://sharonfoc.org/wp-content/uploads/2026/04/Narrow-leaved-spring-beauty-4-24-26-805am-scaled.jpeg,false,,
200227,Eastern Bluebird,Moose Hill Audubon Wildlife Sanctuary,true,https://sharonfoc.org/wp-content/uploads/2026/04/Bluebird-4-23-26-714am.jpeg,false,,
200230,American Lady butterfly,Moose Hill Audubon Wildlife Sanctuary,true,https://sharonfoc.org/wp-content/uploads/2026/04/Americn-Lady-4-23-26-859am-scaled.jpeg,false,,
200205,Palm Warbler,Moose Hill Audubon Wildlife Sanctuary (Billings Loop),true,https://sharonfoc.org/wp-content/uploads/2026/04/Palm-warbler-4-21-26.jpeg,false,,
200214,Tree Swallow,Moose Hill Audubon Wildlife Sanctuary,true,https://sharonfoc.org/wp-content/uploads/2026/04/Tree-swallow-4-21-26-7am.jpeg,false,,
200198,Blue-headed Vireo,Moose Hill Audubon Wildlife Sanctuary,true,https://sharonfoc.org/wp-content/uploads/2026/04/blue-headed-vireo-4-20-26.jpeg,false,,
200186,Hermit Thrush,Moose Hill Audubon Wildlife Sanctuary,true,https://sharonfoc.org/wp-content/uploads/2026/04/hermit-thrush-4-18-26-scaled.jpeg,false,,
200201,European Field Pansy,Wolomolopoag St. near Ward’s Berry Farm,true,https://sharonfoc.org/wp-content/uploads/2026/04/European-Field-Pansy-4-15-26-1015am-scaled.jpeg,false,,
200191,Red Deadnettle,Wolomolopoag St. by Ward’s Berry Farm,true,https://sharonfoc.org/wp-content/uploads/2026/04/Red-Deadnettle1-4-15-26-10-20-am-scaled.jpeg,false,,
200169,Opossum,Old Post Road,true,https://sharonfoc.org/wp-content/uploads/2026/02/Opossum.jpeg,false,,
200155,Eastern Milk Snake,"Moose Hill Bluff Trail, on top of second west facing overlook",true,https://sharonfoc.org/wp-content/uploads/ninja-forms/10/IMG_5886-1.jpeg,true,42.113216666666666,-71.21698055555555
200139,Long-tailed weasel,Furnace St.,true,https://sharonfoc.org/wp-content/uploads/2025/08/Long-tailed-weasel-8-16-25-1145am-scaled.jpeg,false,,
200142,Tiger Bee Fly,Gavins Pond Rd.,true,https://sharonfoc.org/wp-content/uploads/2025/08/Tiger-Bee-Fly-8-14-25-1245pm-scaled.jpeg,false,,
200095,Catalpa tree,Off Bay Road,true,https://sharonfoc.org/wp-content/uploads/ninja-forms/10/PXL_20250622_163023522.MP2_-scaled.jpg,true,42.08946944444445,-71.14154444444445
200146,Franklin Tree,Sharon Historical Society museum building at 16 High St.,true,https://sharonfoc.org/wp-content/uploads/2025/08/Franklin-Tree-scaled.jpeg,false,,
200106,Tall Meadow Rue,Moose Hill Farm (TTOR),true,https://sharonfoc.org/wp-content/uploads/2025/06/Tall-meadow-rue-6-21-25-511pm.jpeg,false,,
200101,Common Mugwort,Moose Hill Farm (TTOR),true,https://sharonfoc.org/wp-content/uploads/2025/06/Common-Mugwort-6-21-25-510pm-scaled.jpeg,false,,
200098,Eastern Bluebird,Moose Hill Farm (TTOR),true,https://sharonfoc.org/wp-content/uploads/2025/06/Bluebird-6-21-25-5pm.jpeg,false,,
200110,Eastern Wood-Pewee,Moose Hill Farm (TTOR),true,https://sharonfoc.org/wp-content/uploads/2025/06/Wood-Pewee-6-21-25-440pm.jpeg,false,,
200116,Hay-scented Fern,Moose Hill Farm (TTOR),true,https://sharonfoc.org/wp-content/uploads/2025/06/Hay-scented-fern-6-21-25-431pm-scaled.jpeg,false,,
200119,Interrupted fern,Moose Hill Farm (TTOR),true,https://sharonfoc.org/wp-content/uploads/2025/06/Interrupted-fern-6-21-25-430pm-scaled.jpeg,false,,
200122,Indigo Bunting,Moose Hill Farm (TTOR) under the power lines,true,https://sharonfoc.org/wp-content/uploads/2025/06/Indigo-bunting-6-21-25-4pm-1.jpeg,false,,
200126,Prairie Warbler,Moose Hill Farm (TTOR),true,https://sharonfoc.org/wp-content/uploads/2025/06/Prairie-warbler-6-21-25-350pm.jpeg,false,,
200129,Spicebush Swallowtail butterfly,Moose Hill Farm (T.T.O.R.),true,https://sharonfoc.org/wp-content/uploads/2025/06/Spicebush-Swallowtail-6-21-25.jpeg,false,,
200088,Great Blue Heron,Mattakesett Circle,true,https://sharonfoc.org/wp-content/uploads/2025/06/Great-Blue-Heron-Judy-Karlin-6-15-25.jpeg,false,,
200069,Black-and-white warbler,Moose Hill Audubon Wildlife Sanctuary,true,https://sharonfoc.org/wp-content/uploads/2025/05/Black-and-white-warbler-head-stripes2.jpeg,false,,
200064,Cedar Waxwing,Moose Hill Audubon Wildlife Sanctuary,true,https://sharonfoc.org/wp-content/uploads/2025/05/Cedar-waxwing-5-18-25-840am.jpeg,false,,
200035,Yellow Star Grass,Moose Hill Audubon Wildlife Sanctuary,true,https://sharonfoc.org/wp-content/uploads/2025/05/Yellow-star-grass-5-17-25-901am-scaled.jpeg,false,,
200032,Red-breasted Nuthatch,Moose Hill Audubon Wildlife Sanctuary,true,https://sharonfoc.org/wp-content/uploads/2025/05/Red-breasted-nuthatch-5-17-25-11am.jpeg,false,,
200026,Red-eyed Vireo,Moose Hill Audubon Wildlife Sanctuary,true,https://sharonfoc.org/wp-content/uploads/2025/05/Red-eyed-vireo-5-17-25-914am.jpeg,false,,
200058,Northern Cardinal,Moose Hill Audubon Wildlife Sanctuary,true,https://sharonfoc.org/wp-content/uploads/2025/05/Cardinal-5-17-25-830am.jpeg,false,,
200039,Blue-winged warbler,Moose Hill Audubon Wildlife Sanctuary,true,https://sharonfoc.org/wp-content/uploads/2025/05/Blue-winged-warbler-5-17-25-8am.jpeg,false,,
200047,Dame’s Rocket,Moose Hill Audubon Wildlife Sanctuary,true,https://sharonfoc.org/wp-content/uploads/2025/05/Dames-Rocket-5-17-25-645am-scaled.jpeg,false,,
200012,Bobolink,The TrustMoose Hill Farm (formerly the Kendall Estate),true,https://sharonfoc.org/wp-content/uploads/2025/05/Bobolink-5-15-25-311pm-1.jpeg,false,,
199990,Bird’s Foot Violet,under power lines across the street from Ward’s Berry Farm,true,https://sharonfoc.org/wp-content/uploads/2025/05/Birds-foot-violet-5-14-25-429pm-scaled.jpeg,false,,
199982,Prairie Warbler,Under the power lines across the street from Ward’s Berry Farm,true,https://sharonfoc.org/wp-content/uploads/2025/05/Prairie-warbler-5-14-25-359pm.jpeg,false,,
199995,White Bog Violet,under power lines across the street from Ward’s Berry Farm,true,https://sharonfoc.org/wp-content/uploads/2025/05/White-bog-violet-5-14-25-329pm.jpeg,false,,
200053,Yellow Woodsorrel,4 Gavins Pond Road,true,https://sharonfoc.org/wp-content/uploads/2025/05/Slender-yellow-woodsorrel-5-14-25-330pm-scaled.jpeg,false,,
199978,Starflower,Moose Hill Audubon Wildlife Sanctuary,true,https://sharonfoc.org/wp-content/uploads/2025/05/Northern-Star-Flower-5-14-25-1055am-scaled.jpeg,false,,
199973,Veery,Moose Hill Audubon Wildlife Sanctuary (Billings Loop),true,https://sharonfoc.org/wp-content/uploads/2025/05/Veery-5-14-25-628am.jpeg,false,,
199960,Purle Martin,Moose Hill Audubon Farm (S. Main St.),true,https://sharonfoc.org/wp-content/uploads/2025/05/Purple-martin-colony-5-13-25-849am-scaled.jpeg,false,,
199965,American Goldfinch,Moose Hill Audubon Wildlife Sanctuary (Billings Loop),true,https://sharonfoc.org/wp-content/uploads/2025/05/Goldfinch-5-13-25-8am.jpeg,false,,
199969,Blackburnian Warbler,Moose Hill Audubon Wildlife Sanctuary,true,https://sharonfoc.org/wp-content/uploads/2025/05/Blackburnian-warbler-5-13-25-725am.jpeg,false,,
199947,Black-throated Green Warbler,Moose Hill Audubon Wildlife Sanctuary,true,https://sharonfoc.org/wp-content/uploads/2025/05/Black-throated-green-warbler-5-12-25-916am.jpeg,false,,
199942,American redstart,Moose Hill Audubon Wildlife Sanctuary,true,https://sharonfoc.org/wp-content/uploads/2025/05/American-redstart-5-12-25-844am.jpeg,false,,
199951,Magnolia Warbler,Moose Hill Audubon Wildlife Sanctuary,true,https://sharonfoc.org/wp-content/uploads/2025/05/Magnolia-warbler-5-12-25-829am.jpeg,false,,
199956,Red Squirrel,Moose Hill Audubon Wildlife Sanctuary,true,https://sharonfoc.org/wp-content/uploads/2025/05/Red-squirrel-5-12-25-715am.jpeg,false,,
199909,Red-eyed Vireo,Moose Hill Audubon Wildlife Sanctuary,true,https://sharonfoc.org/wp-content/uploads/2025/05/Red-eyed-vireo-5-11-25-1130am.jpeg,false,,
199914,Blue-winged Warbler,Moose Hill Audubon Wildlife Sanctuary,true,https://sharonfoc.org/wp-content/uploads/2025/05/Blue-winged-warbler-5-11-25-1116am.jpeg,false,,
199918,Prairie Warbler,Moose Hill Audubon Wildlife Sanctuary,true,https://sharonfoc.org/wp-content/uploads/2025/05/Prairie-warbler-5-11-25-1040am.jpeg,false,,
199925,Field Sparrow,Moose Hill Audubon Wildlife Sanctuary,true,https://sharonfoc.org/wp-content/uploads/2025/05/Field-sparrow-5-11-25-936am.jpeg,false,,
199938,Eastern chipmunk,Moose Hill Audubon Wildlife Sanctuary,true,https://sharonfoc.org/wp-content/uploads/2025/05/Chipmunk-5-11-25-955am.jpeg,false,,
199935,Great Crested flycatcher,Moose Hill Audubon Wildlife Sanctuary,true,https://sharonfoc.org/wp-content/uploads/2025/05/Great-crested-flycatcher-5-11-25-850am.jpeg,false,,
199931,Black-throated Blue Warbler,Moose Hill Audubon Wildlife Sanctuary,true,https://sharonfoc.org/wp-content/uploads/2025/05/Black-throated-blue-warbler-5-11-25-655am.jpeg,false,,
199895,Dogwood,Moose Hill Audubon Wildlife Sanctuary,true,https://sharonfoc.org/wp-content/uploads/2025/05/Eastern-flowering-dogwood-5-9-25-929am.jpeg,false,,
199904,Black-capped Chickadee,Moose Hill Audubon Wildlife Sanctuary,true,https://sharonfoc.org/wp-content/uploads/2025/05/Black-capped-chickadee-5-9-25-905am.jpeg,false,,
199889,Common Yellowthroat,Moose Hill Audubon Wildlife Sanctuary (boardwalk),true,https://sharonfoc.org/wp-content/uploads/2025/05/Common-Yellowthroat-5-9-25-830am.jpeg,false,,
199892,Gray Catbird,Moose Hill Audubon WIldlife Sanctuary,true,https://sharonfoc.org/wp-content/uploads/2025/05/Gray-catbird-5-9-25-8am.jpeg,false,,
199881,Six-spotted tiger beetle,Moose Hill Audubon Wildlife Sanctuary,true,https://sharonfoc.org/wp-content/uploads/2025/05/Six-spotted-tiger-beetle-5-8-25-1110am.jpeg,false,,
199871,Blue-gray Gnatcatcher,Moose Hill Audubon Wildlife Sanctuary,true,https://sharonfoc.org/wp-content/uploads/2025/05/Blue-gray-gnatcatcher-5-8-25-1050am.jpeg,false,,
199884,Carolina Allspice,Moose Hill Audubon Wildlife Sanctuary,true,https://sharonfoc.org/wp-content/uploads/2025/05/Carolina-allspice-5-8-25-720am.jpeg,false,,
199857,Wood thrush,Moose Hill Audubon Wildlife Sanctuary,true,https://sharonfoc.org/wp-content/uploads/2025/05/Wood-thrush-5-7-25-10am.jpeg,false,,
199853,Marsh Blue Violet,Moose Hill Audubon Wildlife Sanctuary (boardwalk),true,https://sharonfoc.org/wp-content/uploads/2025/05/Marsh-blue-violet-5-7-25-9am-scaled.jpeg,false,,
199862,Yellow-rumped Warbler,Moose Hill Audubon Wildlife Sanctuary,true,https://sharonfoc.org/wp-content/uploads/2025/05/Yellow-rumped-warbler-5-7-25-8-16am.jpeg,false,,
199868,Scarlet Tanager,Moose Hill Audubon Wildlife Sanctuary,true,https://sharonfoc.org/wp-content/uploads/2025/05/Scarlet-tanager-5-7-25-730am.jpeg,false,,
199849,Carolina Silverbell tree,Moose Hill Audubon Wildlife Sanctuary,true,https://sharonfoc.org/wp-content/uploads/2025/05/Carolina-Silverbells-5-4-25-1145am.jpeg,false,,
199844,Blue Jay,Moose Hill Audubon Wildlife Sanctuary,true,https://sharonfoc.org/wp-content/uploads/2025/05/Blue-Jay-5-4-25-959am.jpeg,false,,
199837,Ovenbird,Moose Hill Audubon Wildlife Sanctuary,true,https://sharonfoc.org/wp-content/uploads/2025/05/Ovenbird-5-4-25-901aam.jpeg,false,,
199841,Eastern Bluebird,Moose Hill Audubon Wildlife Sanctuary,true,https://sharonfoc.org/wp-content/uploads/2025/05/Bluebird-5-4-25-820am.jpeg,false,,
199830,Scarlet Tanager,Moose Hill Audubon Wildlife Sanctuary,true,https://sharonfoc.org/wp-content/uploads/2025/05/Scarlet-tanager-5-3-25-945am.jpeg,false,,
199824,Worm-eating Warbler,Moose Hill Audubon Wildlife Sanctuary,true,https://sharonfoc.org/wp-content/uploads/2025/05/Worm-eating-warbler-5-3-25-915am.jpeg,false,,
199833,Yellow-rumped Warbler (a.k.a. Myrtle Warbler),Moose Hill Audubon Wildlife Sanctuary,true,https://sharonfoc.org/wp-content/uploads/2025/05/Yellow-rumped-warbler-5-3-25-830am.jpeg,false,,
199820,Baltimore Oriole,Moose Hill Audubon Wildlife Sanctuary,true,https://sharonfoc.org/wp-content/uploads/2025/05/Baltimore-Oriole-5-2-25-1015am.jpeg,false,,
199814,White-breasted nuthatch,Moose Hill Audubon Wildlife Sanctuary,true,https://sharonfoc.org/wp-content/uploads/2025/05/White-breasted-nuthatch-5-2-25-scaled.jpeg,false,,
199811,Wood Anemone,Moose Hill Farm (TTOR),true,https://sharonfoc.org/wp-content/uploads/2025/05/Wood-Anemone-5-1-25-830am-scaled.jpeg,false,,
200023,Lincoln’s sparrow,Moose Hill Audubon Wildlife Sanctuary,true,https://sharonfoc.org/wp-content/uploads/2025/05/Lincolns-sparrow-Deb-Radovsky-5-1-25-8am.jpeg,false,,
199807,Wild Turkey,Moose Hill Audubon Wildlife Sanctuary,true,https://sharonfoc.org/wp-content/uploads/2025/05/Wild-turkey-4-28-25-801am.jpeg,false,,
199802,Pileated Woodpecker,Moose Hill Audubon Wildlife Sanctuary,false,,false,,
199789,Ruby-crowned Kinglet,Moose Hill Audubon Wildlife Sanctuary,true,https://sharonfoc.org/wp-content/uploads/2025/05/Ruby-crowned-kinglet-4-24-25-730-am.jpeg,false,,
199765,Rock Greenshield Lichen,near Gavins Pond,true,https://sharonfoc.org/wp-content/uploads/2025/04/Rock-Greenshield-lichen-4-23-25-11am-scaled.jpeg,false,,
199756,Pine Warbler,Moose Hill Audubon Wildlife Sanctuary,true,https://sharonfoc.org/wp-content/uploads/2025/04/Pine-warbler-4-23-25.jpeg,false,,
199753,Eastern Towhee (male),Moose Hill Audubon Wildlife Sanctuary,true,https://sharonfoc.org/wp-content/uploads/2025/04/Eastern-towhee-4-23-25-930am.jpeg,false,,
199761,Narrow-leaved Spring Beauty,Sharon,true,https://sharonfoc.org/wp-content/uploads/2025/05/Narrow-leaved-spring-beauty-4-25-25-930am-scaled.jpeg,false,,
199750,Eastern Bluebird,Moose Hill Audubon Wildlife Sanctuary,true,https://sharonfoc.org/wp-content/uploads/2025/04/Bluebird-4-23-25-830am.jpeg,false,,
199177,Song Sparrow,Moose Hill Audubon Wildlife Sanctuary,true,https://sharonfoc.org/wp-content/uploads/2025/04/Song-sparrow-4-23-25-830am.jpeg,false,,
199742,White-throated Sparrow,Moose Hill Audubon Wildlife Sanctuary,true,https://sharonfoc.org/wp-content/uploads/2025/04/White-throated-sparrow-4-23-25-8am.jpeg,false,,
199682,Eastern Bluebird,Mansfield Street,true,https://sharonfoc.org/wp-content/uploads/ninja-forms/10/IMG_0195.jpeg,false,,
199671,Cooper’s hawk,Old Post Rd,true,https://sharonfoc.org/wp-content/uploads/2025/03/Zaniewskis-Coopers-hawk-12-28-24-video-MP4.mp4,false,,
199711,Snowy Owl,Lake Massapoag,true,https://sharonfoc.org/wp-content/uploads/ninja-forms/10/PXL_20241117_193837156.MP_.png,false,,
199646,Red-tailed Hawk,"Moose Hill Audubon Wildlife Sanctuary, Billings Loop",true,https://sharonfoc.org/wp-content/uploads/2024/11/Screenshot-2024-11-13-at-6.44.09 PM.jpg,false,,
199674,Cross Orbweaver spider,4 Gavins Pond Road,true,https://sharonfoc.org/wp-content/uploads/2025/03/Cross-Orbweaver-11-3-24-noon.jpeg,false,,
199642,Eastern Bluebird,Moose Hill Audubon Wildlife Sanctuary &#8211; large field near barn,false,,false,,
199609,Isabella Tiger Moth caterpillar (a.k.a. banded wooly bear),near Ward’s Berry Farm,true,https://sharonfoc.org/wp-content/uploads/2024/10/Isabella-Tiger-Moth-caterpillar-10-10-24-1pm-scaled.jpeg,false,,
199623,American Black Bear,Off Wolomolopoag near Chase Dr. & E. Foxboro St.,true,https://sharonfoc.org/wp-content/uploads/2024/10/Black-bear-10-5-24-Old-Wolomolo.jpeg,false,,
199627,American Black Bear,Agawam Rd. near Chase Dr.,true,https://sharonfoc.org/wp-content/uploads/2024/10/Black-Bear-Agawam-Rd-10-3-24.jpeg,false,,
199602,Primrose-leaf Violet,Rattlesnake Hill trail,true,https://sharonfoc.org/wp-content/uploads/ninja-forms/10/IMG_1850.jpg,false,,
199584,Pink-Spotted Lady Beetle,Ward’s Berry Farm,true,https://sharonfoc.org/wp-content/uploads/2024/09/Pink-spotted-lady-beetle-9-28-24-4pm.jpeg,false,,
199590,Marbled Orbweaver Spider,Borderland State Park,true,https://sharonfoc.org/wp-content/uploads/2024/10/Marbled-orbweaver-9-28-24-3pm-John-Baur.jpeg,false,,
199593,Timber Rattlesnake,Bishop Road,true,https://sharonfoc.org/wp-content/uploads/ninja-forms/10/IMG_4433.jpeg,false,,
199600,Marbled Orbweaver Spider,Moose Hill area,true,https://sharonfoc.org/wp-content/uploads/ninja-forms/10/marbledorbweaver.jpg,false,,
199569,Belted Kingfisher,Borderland State Park (Morse Loop Cedar Swamp),true,https://sharonfoc.org/wp-content/uploads/ninja-forms/10/IMG_7229.jpeg,false,,
199577,Hairy Mountain Mint,Nstar high tension line property near Old Post Rd,false,,false,,
199579,Chocolate Tube Slime Mold,Borderland State Park,true,https://sharonfoc.org/wp-content/uploads/2024/09/Chocolate-Tube-Slime-9-13-24-139pm-scaled.jpeg,false,,
199571,Black-staining Polypore,beside Wolomolopoag St.,true,https://sharonfoc.org/wp-content/uploads/2024/09/Black-staining-polypore-8-10-24-235pm-scaled.jpeg,false,,
199557,Short-tailed Weasel,302 Mansfield St.,false,,false,,
199563,Polyphemus Moth,Moose Hill,true,https://sharonfoc.org/wp-content/uploads/ninja-forms/10/IMG_0988.jpeg,true,42.123225,-71.20178888888888
199541,Barred Owl,Top of the bend on Moose Hill Street,true,https://sharonfoc.org/wp-content/uploads/2024/07/Barred-owl-Bruce-Lewis-7-6-24-5pm.jpeg,false,,
199520,Yellow-billed Cuckoo,Moose Hill Audubon Wildlife Sanctuary,true,https://sharonfoc.org/wp-content/uploads/2024/07/yellow-billed-cuckoo.m4a,false,,
199523,American Beech Tree,Massapoag Brook trail between Ames St. and Mann’s Pond,true,https://sharonfoc.org/wp-content/uploads/2024/07/American-Beech-diseased-6-27-24-scaled.jpeg,false,,
199528,Pale Green Weevil,Borderland State park,true,https://sharonfoc.org/wp-content/uploads/2024/07/Green-Immigrant-Leaf-Weevil-6-23-24-122pm.jpeg,false,,
199536,Golden Jumping Spider,Borderland State Park,true,https://sharonfoc.org/wp-content/uploads/2024/07/Golden-Jumping-Spider-6-23-24.jpeg,false,,
199770,Milk Snake,Borderland State Park &#8211; Pond Edge Trail,true,https://sharonfoc.org/wp-content/uploads/ninja-forms/10/Milksnake-at-Borderland-June-13th-2024-scaled.jpg,false,,
199468,Ringneck Snake,Old Wolomolopoag Street,true,https://sharonfoc.org/wp-content/uploads/2024/06/Ringneck-snake-Baur-6-11-24-4pm-scaled.jpeg,false,,
199465,Brown Creeper,"Forest Trail, Moose Hill Audubon Wildlife Sanctuary",false,,false,,
199544,Morbid Owlet Moth,Moose Hill Audubon Wildlife Sanctuary,true,https://sharonfoc.org/wp-content/uploads/2024/07/Morbid-owlet-moth-6-4-24-1215pm-scaled.jpeg,false,,
199619,American Black Bear,Arboro Dr.,true,https://sharonfoc.org/wp-content/uploads/2024/10/Black-bear-6-5-24-4am-Arboro.jpeg,false,,
199695,Beautybush,Moose Hill Farm (T.T.O.R.),true,https://sharonfoc.org/wp-content/uploads/2025/03/Spicebush-swallowtail-on-Beautybush-6-4-24-1pm.jpeg,false,,
199476,Spicebush Swallowtail butterfly,Moose Hill Farm (T.T.O.R.),true,https://sharonfoc.org/wp-content/uploads/2024/06/Spicebush-swallowtail-6-4-24.jpeg,false,,
199479,Indigo Bunting,Moose Hill Audubon WIldlife Sanctuary,true,https://sharonfoc.org/wp-content/uploads/2024/06/Indigo-bunting-6-4-24-1154am.jpeg,false,,
199485,Carolina Allspice,Moose Hill Audubon Wildlife Sanctuary,true,https://sharonfoc.org/wp-content/uploads/2024/06/Carolina-Sweetshrub-6-4-24-1035am-scaled.jpeg,false,,
199459,Acadian flycatcher,Moose Hill Audubon Wildlife Sanctuary,true,https://sharonfoc.org/wp-content/uploads/ninja-forms/10/2aa2d00a35adeec772cbb55b2e754c72-2911595141.jpg,false,,
199503,Norway Maple tree,"High Street, Sharon",true,https://sharonfoc.org/wp-content/uploads/2024/06/Norway-maple-5-29-24-1217pm-scaled.jpeg,false,,
199499,Eastern Hemlock tree,"High Street, Sharon",true,https://sharonfoc.org/wp-content/uploads/2024/06/Hemlock-5-29-24-1214am-scaled.jpeg,false,,
199495,Black Raspberry,"Sharon Historical Society, High Street, Sharon",true,https://sharonfoc.org/wp-content/uploads/2024/06/Black-raspberry-5-29-24-1135am-scaled.jpeg,false,,
199490,Black Locust tree,"High Street, Sharon",true,https://sharonfoc.org/wp-content/uploads/2024/06/Black-locust-5-29-24-11am-scaled.jpeg,false,,
199507,Mulberry tree,"High Street, Sharon",true,https://sharonfoc.org/wp-content/uploads/2024/06/Mulberry-tree-5-29-24-1041am.jpg,false,,
199452,Dogwood,Deborah Sampson and Billings corner “In memory of John Lowden&#8230;”,true,https://sharonfoc.org/wp-content/uploads/2024/05/dogwood-near-Deborah-Samson-Park-scaled.jpeg,false,,
200078,Mute Swan,Harris Pond,true,https://sharonfoc.org/wp-content/uploads/2025/05/Mute-swans-5-24-24-454pm-Claire-Forman.jpeg,false,,
199512,Red-tailed Hawk,"Moose Hill Audubon Wildlife Sanctuary, Billings Loop",true,https://sharonfoc.org/wp-content/uploads/2024/06/Hawk-video-by-Bruce-Lewis-5-23-24.mov,false,,
199444,Eastern Box Turtle,104 Mountain St.,true,https://sharonfoc.org/wp-content/uploads/2024/05/May-apples-D-Dearborn-5-7-24.jpeg,false,,
199431,Common Yellowthroat,"Bay Road, Sharon (on the deck)",true,https://sharonfoc.org/wp-content/uploads/ninja-forms/10/bird.jpg,false,,
199701,May Apple,Mountain Street,true,https://sharonfoc.org/wp-content/uploads/2025/03/May-apple-D-Dearborn-May-7-2024-1.jpeg,false,,
199415,Black-and-white warbler,Moose Hill Audubon Wildlife Sanctuary &#8211; Tower Trail (halfway up),false,,false,,
199427,Gray Fox,Moose Hill Parkway,true,https://sharonfoc.org/wp-content/uploads/ninja-forms/10/grayfox2-scaled.jpg,false,,
199411,Mouse-ear chickweed,Moose Hill Audubon Wildlife Sanctuary,true,https://sharonfoc.org/wp-content/uploads/2024/05/Mouse-ear-Chickweed-5-7-24-1101am-scaled.jpeg,false,,
199401,Common Yellowthroat,Moose Hill Audubon Wildlife Sanctuary (boardwalk),true,https://sharonfoc.org/wp-content/uploads/2024/05/Common-Yellowthroat-5-7-24-9am-1.jpeg,false,,
199396,Great Crested flycatcher,Moose Hill Audubon Wildlife Sanctuary,true,https://sharonfoc.org/wp-content/uploads/2024/05/Great-crested-flycatcher-5-7-24-9am.jpeg,false,,
199406,Black-throated Blue Warbler,Moose Hill Audubon Wildlife Sanctuary,true,https://sharonfoc.org/wp-content/uploads/2024/05/Black-throated-blue-warbler-5-7-24-815am.jpeg,false,,
199369,Blue-winged warbler,Moose Hill Audubon Wildlife Sanctuary,true,https://sharonfoc.org/wp-content/uploads/2024/05/Blue-winged-warbler-caterpillar-5-6-24-1.jpeg,false,,
199381,Pink Earth lichen,Moose Hill Audubon Wildlife Sanctuary,true,https://sharonfoc.org/wp-content/uploads/2024/05/Pink-earth-lichen-5-6-24-8am.jpeg,false,,
199393,Eastern Bluebird,Moose Hill Audubon Wildlife Sanctuary near the barn on the Billings loop,true,https://sharonfoc.org/wp-content/uploads/ninja-forms/10/IMG_3617.jpeg,false,,
199309,Red Admiral butterfly,Moose Hill Farm (Trustees of Reservations),true,https://sharonfoc.org/wp-content/uploads/2024/05/Red-admiral-butterfly-5-4-24-1.jpeg,false,,
199301,Azure Bluet,Moose Hill Farm (TTOR),true,https://sharonfoc.org/wp-content/uploads/2024/05/Bluets-5-4-24-1140am.jpeg,false,,
199314,Prairie Warbler,Moose Hill Farm (TTOR) &#8211; under the power lines,true,https://sharonfoc.org/wp-content/uploads/2024/05/Prairie-warbler-5-4-24-1120am.jpeg,false,,
199304,Red-bellied Woodpecker,Moose Hill Audubon Wildlife Sanctuary,true,https://sharonfoc.org/wp-content/uploads/2024/05/Red-bellied-woodpecker-5-4-24.jpeg,false,,
199287,Worm-eating Warbler,Moose Hill Audubon Wildlife Sanctuary,true,https://sharonfoc.org/wp-content/uploads/2024/05/Worm-eating-warbler-5-4-25-9am.jpeg,false,,
199296,Hermit Thrush,Moose Hill Audubon Wildlife Sanctuary,true,https://sharonfoc.org/wp-content/uploads/2024/05/Hermit-thrust-5-4-24-902am.jpeg,false,,
199293,Broad-winged hawk,Moose Hill Audubon Wildlife Sanctuary,true,https://sharonfoc.org/wp-content/uploads/2024/05/Broad-winged-hawk-5-4-24-640am.jpeg,false,,
199335,Barred Owl,Moose Hill Audubon Wildlife Sanctuary,true,https://sharonfoc.org/wp-content/uploads/2024/05/Barred-owl-5-3-24-745am-1.jpeg,false,,
199325,Black-throated Green Warbler,Moose Hill Audubon Wildlife Sanctuary,true,https://sharonfoc.org/wp-content/uploads/2024/05/Black-thoated-green-warbler-5-3-24-11am.jpeg,false,,
199321,Eastern Towhee (male & female),Moose Hill Audubon Wildlife Sanctuary,true,https://sharonfoc.org/wp-content/uploads/2024/05/Eastern-towhee-male-5-3-24-1030am.jpeg,false,,
199328,Blue-gray gnatcatcher,Moose Hill Audubon Wildlife Sanctuary,true,https://sharonfoc.org/wp-content/uploads/2024/05/Blue-gray-gnatcatcher-5-3-24-1016am.jpeg,false,,
199332,Nashville Warbler,Moose Hill Audubon Wildlife Sanctuary,true,https://sharonfoc.org/wp-content/uploads/2024/05/Nashville-warbler-5-3-24-8am.jpeg,false,,
199338,Pileated Woodpecker,Moose Hill Audubon Wildlife Sanctuary,true,https://sharonfoc.org/wp-content/uploads/2024/05/Pileated-woodpecker-5-3-24-735am.jpeg,false,,
199342,Wood thrush,Moose Hill Audubon Wildlife Sanctuary,true,https://sharonfoc.org/wp-content/uploads/2024/05/Wood-thrush-5-2-24-816am.jpeg,false,,
199347,Northern Waterthrush,Moose Hill Audubon Wildlife Sanctuary,true,https://sharonfoc.org/wp-content/uploads/2024/05/Northern-Waterthrush-5-2-24-745am-1.jpeg,false,,
199352,Scarlet Tanager,Moose Hill Audubon Wildlife Sanctuary,true,https://sharonfoc.org/wp-content/uploads/2024/05/Scarlet-tanager-5-1-24-130pm.jpeg,false,,
199355,Brown Creeper,Moose Hill Audubon Wildlife Sanctuary,true,https://sharonfoc.org/wp-content/uploads/2024/05/Brown-creeper-5-1-24-1244pm.jpeg,false,,
199360,White-tailed Deer,Moose Hill Audubon Wildlife Sanctuary,true,https://sharonfoc.org/wp-content/uploads/2024/05/White-tailed-deer-5-1-24-1211pm.jpeg,false,,
199364,Field Sparrow,Moose Hill Audubon Wildlife Sanctuary,true,https://sharonfoc.org/wp-content/uploads/2024/05/Field-Sparrow-5-1-24-1155am.jpeg,false,,
199785,Blue-headed Vireo,Moose Hill Audubon Wildlife Sanctuary,true,https://sharonfoc.org/wp-content/uploads/2025/05/Blue-headed-vireo-5-1-24-1045am-1.jpeg,false,,
199281,Yellow-rumped Warbler,Moose Hill Audubon Wildlife Sanctuary,true,https://sharonfoc.org/wp-content/uploads/2024/04/Yellow-rumped-warbler-4-29-24-7am.jpeg,false,,
199275,Lesser Periwinkle,Moose Hill Farm (The Trustees of Reservations),true,https://sharonfoc.org/wp-content/uploads/2024/04/Lesser-periwinkle-4-28-24-11am-1-scaled.jpeg,false,,
199278,Early Meadow Rue,Moose Hill Farm (TTOR),true,https://sharonfoc.org/wp-content/uploads/2024/04/Early-meadow-rue-4-28-24-1045am.jpeg,false,,
199263,Savannah Sparrow,Moose Hill Audubon Wildlife Sanctuary,true,https://sharonfoc.org/wp-content/uploads/2024/04/Savannah-sparrow-4-28-24-916am.jpeg,false,,
199268,Northern Flicker,Moose Hill Audubon Wildlife Sanctuary,true,https://sharonfoc.org/wp-content/uploads/2024/04/Northern-flicker-fanning-tail-4-28-24.jpeg,false,,
199256,White-throated Sparrow,Moose Hill Farm (TTOR),true,https://sharonfoc.org/wp-content/uploads/2024/04/White-throated-sparrow-4-27-24-531pm.jpeg,false,,
199248,Wood Anemone,Moose Hill Farm (TTOR),true,https://sharonfoc.org/wp-content/uploads/2024/04/Wood-anemone-4-27-24-430pm.jpeg,false,,
199252,Garlic mustard,Moose Hill Farm (The Trustees of Reservations),true,https://sharonfoc.org/wp-content/uploads/2024/04/Garlic-mustard-4-27-24-430pm.jpeg,false,,
199241,Common Blue Violet,Moose Hill Farm (The Trustees of Reservations),true,https://sharonfoc.org/wp-content/uploads/2024/04/Moose-Hill-Farm-4-27-24-420pm-scaled.jpeg,false,,
199238,Northern Cardinal,Moose Hill Farm (TTOR),true,https://sharonfoc.org/wp-content/uploads/2024/04/Cardinal-4-27-24-4pm.jpeg,false,,
199222,Pine Warbler,Moose Hill Farm,true,https://sharonfoc.org/wp-content/uploads/2024/04/Pine-warbler-4-26-24-830am.jpeg,false,,
199231,Brown Creeper,Moose Hill Audubon Wildlife Sanctuary,true,https://sharonfoc.org/wp-content/uploads/2024/04/Brown-creepeer-4-26-24-715-am.jpeg,false,,
199215,Red Squirrel,Moose Hill Audubon Wildlife Sanctuary,true,https://sharonfoc.org/wp-content/uploads/2024/04/Red-squirrel-4-25-24-900am-1.jpeg,false,,
199219,Tree Swallow,Moose Hill Audubon Wildlife Sanctuary,true,https://sharonfoc.org/wp-content/uploads/2024/04/Tree-swallow-pair-4-25-24-915am-1.jpeg,false,,
199204,Ruby-crowned Kinglet,Moose Hill Audubon Wildlife Sanctuary,true,https://sharonfoc.org/wp-content/uploads/2024/04/DSC7846.jpeg,false,,
199200,Double-crested Cormorant,Moose Hill Audubon Wildlife Sanctuary,true,https://sharonfoc.org/wp-content/uploads/2024/04/Double-crested-cormorants-4-25-24-7am.jpeg,false,,
199191,Carolina Wren,Moose Hill Audubon Wildlife Sanctuary,true,https://sharonfoc.org/wp-content/uploads/2024/04/Carolina-wren-4-24-24-846am.jpeg,false,,
199186,Eastern Towhee (male),Moose Hill Audubon Wildlife Sanctuary,true,https://sharonfoc.org/wp-content/uploads/2024/04/Eastern-Towhee-4-24-24-944am.jpeg,false,,
199182,Shagbark Hickory Tree,Moose Hill Audubon Wildlife Sanctuary,true,https://sharonfoc.org/wp-content/uploads/2024/04/Shagbark-hickory-4-23-24-720am-scaled.jpeg,false,,
199157,Eastern Bluebird,Moose Hill Audubon Wildlife Sanctuary,true,https://sharonfoc.org/wp-content/uploads/2024/04/Bluebird-4-23-24-11am.jpeg,false,,
199161,Mourning Cloak Butterfly,Moose Hill Audubon Wildlife Sanctuary,true,https://sharonfoc.org/wp-content/uploads/2024/04/Mourning-cloak-4-23-24-1030am.jpeg,false,,
199166,Common Grackle,Moose Hill Audubon Wildlife Sanctuary,true,https://sharonfoc.org/wp-content/uploads/2024/04/Common-Grackle-4-23-24-10am.jpeg,false,,
199169,Chipping Sparrow,Moose Hill Audubon Wildlife Sanctuary,true,https://sharonfoc.org/wp-content/uploads/2024/04/Chipping-sparrow-4-23-24-930am.jpeg,false,,
199151,Black-capped Chickadee,Moose Hill Audubon Wildlife Sanctuary,true,https://sharonfoc.org/wp-content/uploads/2024/04/Chickadee-nesting-4-23-24-830am.jpeg,false,,
199173,Narrow-leaved Spring Beauty,Sharon,true,https://sharonfoc.org/wp-content/uploads/2024/04/Spring-beauty-4-22-24-830am-scaled.jpeg,false,,
199145,Northern Waterthrush,Moose Hill Audubon Wildlife Sanctuary,true,https://sharonfoc.org/wp-content/uploads/2024/04/Northeern-waterthrush-4-23-24-745am.jpeg,false,,
199148,Tree Swallow,Moose Hill Audubon Wildlife Sanctuary,true,https://sharonfoc.org/wp-content/uploads/2024/04/Tree-swallow-4-23-24-730am.jpeg,false,,
199137,Broad-winged hawk,telephone pole by Beach Street near Sharon High School,true,https://sharonfoc.org/wp-content/uploads/2024/04/Broad-winged-hawk-Sharon-HS-4-21-24-120pm.jpeg,false,,
199124,Red Squirrel,Moose Hill Audubon Wildlife Sanctuary,true,https://sharonfoc.org/wp-content/uploads/2024/04/Red-squirrel-Moose-Hill-4-21-24-10am.jpeg,false,,
199119,Pileated Woodpecker,Moose Hill Audubon Wildlife Sanctuary,true,https://sharonfoc.org/wp-content/uploads/2024/04/Pileated-woodpecker-Moose-Hill-4-32-24-9am.jpeg,false,,
199131,Siberian Squill,Moose Hill Audubon Wildlife Sanctuary,true,https://sharonfoc.org/wp-content/uploads/2024/04/Siberian-Squill-Sharon-MA-4-21-24-815am.jpeg,false,,
199127,Ruby-crowned Kinglet,Moose Hill Audubon Wildlife Sanctuary,true,https://sharonfoc.org/wp-content/uploads/2024/04/Ruby-crowned-kinglet-4-21-24-8am.jpeg,false,,
199134,Eastern Towhee (male),Moose Hill Audubon Wildlife Sanctuary,true,https://sharonfoc.org/wp-content/uploads/2024/04/Eastern-towhee-Moose-Hill-4-21-24-750am.jpeg,false,,
199143,Mink,"302 Mansfield St., Sharon",false,,false,,
199115,American Black Bear,back yard on Norwood Street,true,https://sharonfoc.org/wp-content/uploads/ninja-forms/10/IMG_7873-2.png,false,,
199616,American Black Bear,E. Foxboro St.,true,https://sharonfoc.org/wp-content/uploads/2024/10/Black-Bear-E.-Foxboro-4-13-24.jpeg,false,,
199140,Wild Turkey,Moose Hill Audubon Wildlife Sanctuary,true,https://sharonfoc.org/wp-content/uploads/2024/04/Wild-turkeys-Moose-Hill-3-12-24-5pm.jpeg,false,,
199057,Red-shouldered Hawk,Gavins Pond Rd.,true,https://sharonfoc.org/wp-content/uploads/2024/01/Red-shouldered-hawk-juvenile.jpeg,false,,
199050,Golden-crowned Kinglet,"302 Mansfield Street Sharon, MA",false,,false,,
199011,Marbled Orbweaver Spider,Mansfield St.,true,https://sharonfoc.org/wp-content/uploads/ninja-forms/10/Spider-Araneus-marmoreus.JPG,false,,
199003,Ladies’ Tresses,old field at King Phillip’s Rock area,true,https://sharonfoc.org/wp-content/uploads/ninja-forms/10/Nodding-Ladies-Tress.JPG,false,,
198995,Red-headed Bush Cricket (a.k.a. Handsome Trig),my back yard (Gavins Pond Road),true,https://sharonfoc.org/wp-content/uploads/2023/09/Red-headed-bush-cricket-8-26-23-314pm.jpeg,false,,
198946,Carolina Horsenettle,Gavins Pond Rd. (garden in my back yard),true,https://sharonfoc.org/wp-content/uploads/2023/08/Carolina-Horsenettle-8-11-23-447pm-scaled.jpeg,false,,
198943,Snowberry Clearwing Moth,4 Gavins Pond Road,true,https://sharonfoc.org/wp-content/uploads/2023/08/Snowberry-clearwing-moth-8-11-23.jpeg,false,,
198939,Red-spotted Admiral butterfly,Gavins Pond Rd. (my back yard),true,https://sharonfoc.org/wp-content/uploads/2023/08/Red-spotted-admiral-8-11-23-1030am-1.jpeg,false,,
199099,Eastern Box Turtle,104 Mountain St.,false,,false,,
198965,Black Racer,Near the intersection of Moose Hill st and Walpole st. In the section of the woods bordering the street and just outside the field where Wards Berry Farm grows crops.,true,https://sharonfoc.org/wp-content/uploads/ninja-forms/10/IMG_5438.jpeg,false,,
198934,White Admiral butterfly (same species as Red-spotted Purple Admiral – see below),Gavins Pond Rd.,true,https://sharonfoc.org/wp-content/uploads/2023/08/White-Admiral-butterfly-8-10-23-1140am.jpeg,false,,
198929,Clymene Moth,Arboro Drive,true,https://sharonfoc.org/wp-content/uploads/2023/08/Clymene-moth-8-2-23-3pm-Arboro-Dr.jpeg,false,,
198974,Luna Moth,Moose Hill St.,true,https://sharonfoc.org/wp-content/uploads/ninja-forms/10/IMG_3448.jpeg,false,,
198969,Red-spotted Purple butterfly,Mansfield St.,true,https://sharonfoc.org/wp-content/uploads/ninja-forms/10/Red-Spotted-Purple.JPG,false,,
198926,Chukar,near Sharon Community Center,true,https://sharonfoc.org/wp-content/uploads/2023/08/Chukar-7-24-23-6am-Community-Center-Wayne-Gelfman-scaled.jpeg,false,,
198971,Tomentose Burying Beetle,Moose Hill St.,true,https://sharonfoc.org/wp-content/uploads/ninja-forms/10/Tomentus.jpg,false,,
198904,unknown wasp species,Moose Hill (under power lines),true,https://sharonfoc.org/wp-content/uploads/2023/07/Complex-Euodynerus-foraminatus-7-21-23-358pm.jpeg,false,,
198889,Crown-tipped Coral Fungus,trail off Billings St.,true,https://sharonfoc.org/wp-content/uploads/2023/07/Crown-tipped-coral-fungus-7-1-23-4pm.jpeg,false,,
198896,Moth Fly or Drain Fly,trail off Billings St.,true,https://sharonfoc.org/wp-content/uploads/2023/07/Moth-fly-1-Pericoma-7-1-23-4pm.jpeg,false,,
199084,American Black Bear,Mountain Street,true,https://sharonfoc.org/wp-content/uploads/2024/04/Black-bear-poop-Mandell-62423.jpg,false,,
198870,Snapping Turtle,Hammershop Pond,true,https://sharonfoc.org/wp-content/uploads/2023/06/Snapping-turtle-Hammer-Shop-Pond-6-23-23-459pm.jpeg,false,,
198886,Six-spotted tiger beetle,Gavins Pond,true,https://sharonfoc.org/wp-content/uploads/2023/06/Six-spotted-tiger-beetle-6-22-23-1245pm.jpeg,false,,
198873,Pine Warbler,Gavins Pond,true,https://sharonfoc.org/wp-content/uploads/2023/06/Pine-warbler-6-22-23-1215am.jpeg,false,,
198881,Red Squirrel,Moose Hill Audubon Wildlife Sanctuary,false,,false,,
198883,Slaty Skimmer dragonfly (immature male),Gavins Pond,true,https://sharonfoc.org/wp-content/uploads/2023/06/Slaty-skimmer-immature-male-6-22-23-11am.jpeg,false,,
198952,Luna Moth,14 Paul Revere Rd.,true,https://sharonfoc.org/wp-content/uploads/ninja-forms/10/D10FE344-21D7-4FAB-AEB9-6C9BD0E6C368-scaled.jpeg,false,,
198858,Ruby-throated Hummingbird (female),Gavins Pond Rd.,true,https://sharonfoc.org/wp-content/uploads/2023/06/Ruby-throated-hummingbird-female-6-11-23-940am.jpeg,false,,
198909,Red-spotted Admiral (or red-spotted purple) butterfly,Gavins Pond Rd. (my back yard),true,https://sharonfoc.org/wp-content/uploads/2023/07/Red-spotted-admiral-6-10-23-1140am-6.jpeg,false,,
198835,Luna Moth,Massapoag Brook,true,https://sharonfoc.org/wp-content/uploads/2023/06/Luna-moth-by-Gaurav-Shah-6-23.jpeg,false,,
198814,White slant-line moth,Moose Hill area,true,https://sharonfoc.org/wp-content/uploads/2023/06/White-slant-line-moth-Josh-6-1-23-945am.jpeg,false,,
198817,Brown Marmorated Stink Bug (adult),Gavins Pond Rd. (appeared on the desk in my living room!),true,https://sharonfoc.org/wp-content/uploads/2023/06/Brown-marmorated-stink-bug-5-30-23-1018am-scaled.jpeg,false,,
198805,Green Frog,Moose Hill Farm (TTOR),true,https://sharonfoc.org/wp-content/uploads/2023/05/Green-frog-5-28-23-1220pm.jpeg,false,,
198798,Prairie Warbler,Moose Hill Farm (TTOR) &#8211; under the power lines,true,https://sharonfoc.org/wp-content/uploads/2023/05/Prairie-warbler-5-28-23-1045am.jpeg,false,,
198776,Golden Ragwort,Moose Hill Farm (under high tension wires),true,https://sharonfoc.org/wp-content/uploads/2023/05/Golden-Ragwort-5-28-23-1146am.jpeg,false,,
198783,Black Swallowtail butterfly,Moose Hill Farm (TTOR),true,https://sharonfoc.org/wp-content/uploads/2023/05/Black-swallowtail-5-28-23-1112am.jpeg,false,,
198788,Indigo Bunting,Moose Hill Farm (TTOR),true,https://sharonfoc.org/wp-content/uploads/2023/05/Indigo-bunting-5-28-23-955am-1.jpeg,false,,
198820,Smooth Brome grass,Moose Hill Farm (TTOR),true,https://sharonfoc.org/wp-content/uploads/2023/06/Smooth-brome-5-28-23-940am-scaled.jpeg,false,,
198823,Orchard Grass,Moose Hill Farm (TTOR),true,https://sharonfoc.org/wp-content/uploads/2023/06/Orchard-grass-5-28-23-1220pm-scaled.jpeg,false,,
198827,Smooth Meadow-grass,Moose Hill Farm (TTOR),true,https://sharonfoc.org/wp-content/uploads/2023/06/Smooth-meadow-grass-5-28-23-930am.jpeg,false,,
198794,Rust Fungus,Moose Hill Farm (TTOR),true,https://sharonfoc.org/wp-content/uploads/2023/05/Rust-fungus-Pucciniaceae-5-29-23-910am-scaled.jpeg,false,,
198769,Baltimore Oriole (female or immature male),"Fales Rd., Sharon",true,https://sharonfoc.org/wp-content/uploads/2023/05/Baltimore-oriole-Punitha-5-25-23-5pm.jpeg,false,,
198772,Indigo Bunting,"Fales Rd., Sharon",true,https://sharonfoc.org/wp-content/uploads/2023/05/Indigo-bunting-Punitha-5-25-23-5pm.jpeg,false,,
198760,Swan’s Sedge,trail off Lakeview St.,true,https://sharonfoc.org/wp-content/uploads/2023/05/Swans-Sedge-Baur-5-25-23-1226pm.jpeg,false,,
198749,Little Wood Satyr butterfly,Moose Hill Audubon Wildlife Sanctuary,true,https://sharonfoc.org/wp-content/uploads/2023/05/Little-wood-satyr-5-25-23-715am.jpeg,false,,
198739,White-edged Sedge,Moose Hill Audubon Wildlife Sanctuary,true,https://sharonfoc.org/wp-content/uploads/2023/05/White-edged-sedge-5-25-23-702am.jpeg,false,,
198734,Poison Sumac,Moose Hill Audubon Wildlife Sanctuary (wetland boardwalk),true,https://sharonfoc.org/wp-content/uploads/2023/05/Poison-Sumac-5-25-23-646am-scaled.jpeg,false,,
198652,Worm-eating Warbler,Moose Hill Audubon Wildlife Sanctuary,true,https://sharonfoc.org/wp-content/uploads/2023/05/Worm-eating-warbler-5-23-23-846am.jpeg,false,,
198680,Gray Catbird,Moose Hill Audubon WIldlife Sanctuary,true,https://sharonfoc.org/wp-content/uploads/2023/05/Gray-catbird-5-23-23-845am.jpeg,false,,
198657,Indigo Bunting,Moose Hill Audubon WIldlife Sanctuary,true,https://sharonfoc.org/wp-content/uploads/2023/05/Indigo-bunting-5-23-23-842am.jpeg,false,,
198676,Siberian Iris,Moose Hill Audubon Wildlife Sanctuary,true,https://sharonfoc.org/wp-content/uploads/2023/05/Siberian-iris-5-23-23-826am.jpeg,false,,
198665,Northern Waterthrush,Moose Hill Audubon Wildlife Sanctuary,true,https://sharonfoc.org/wp-content/uploads/2023/05/Northern-Waterthrush-5-23-23-802am-1.jpeg,false,,
198671,Alder Buckthorn,Moose Hill Audubon WIldlife Sanctuary (boardwalk),true,https://sharonfoc.org/wp-content/uploads/2023/05/Alder-Buckthorn-5-23-23-735-am.jpeg,false,,
198712,Sapphire Berry,Moose Hill Audubon Wildlife Sanctuary,true,https://sharonfoc.org/wp-content/uploads/2023/05/Sapphire-Berry-shrub-5-23-23-709am-scaled.jpeg,false,,
198661,Bay-breasted Warbler,Moose Hill Audubon Wildlife Sanctuary,true,https://sharonfoc.org/wp-content/uploads/2023/05/Bay-breasted-warbler-5-23-23-620am.jpeg,false,,
198721,Cuckoo Bee,near Gavins Pond,true,https://sharonfoc.org/wp-content/uploads/2023/05/Cuckoo-Bee-Josh-Simons-Nomada-maculata-5-21-23-305pm.jpeg,false,,
198718,Wool Sower Gall Wasp,near Gavins Pond,true,https://sharonfoc.org/wp-content/uploads/2023/05/Wooly-Sower-Gall-Wasp-Josh-5-21-23-3pm.jpeg,false,,
198731,Green Frog,near Gavins Pond Dam,true,https://sharonfoc.org/wp-content/uploads/2023/05/Green-Frog-Josh-5-21-23-247pm.jpeg,false,,
198728,Pearl Crescent butterfly,near Gavins Pond,true,https://sharonfoc.org/wp-content/uploads/2023/05/Northern-Crescent-Josh-5-21-23-234pm.jpeg,false,,
198724,Eastern Tailed Blue butterfly,near Gavins Pond Dam,true,https://sharonfoc.org/wp-content/uploads/2023/05/Eastern-Tailed-Blue-Josh-5-21-23-232pm.jpeg,false,,
198958,Brewster’s Warbler (hybrid),Moose Hill Audubon Wildlife Sanctuary,true,https://sharonfoc.org/wp-content/uploads/2023/08/Brewsters-warbler-5-20-23.jpeg,false,,
198955,Tennessee Warbler,Moose Hill Audubon Wildlife Sanctuary,true,https://sharonfoc.org/wp-content/uploads/2023/08/Tennessee-warbler-5-20-23.jpeg,false,,
198689,Veery,Moose Hill Audubon Wildlife Sanctuary (intersection of Deer and Kettle trails),true,https://sharonfoc.org/wp-content/uploads/2023/05/Veery-Josh-Simons-5-18-23-240pm.jpeg,false,,
198709,House Wren,Moose Hill Audubon Wildlife Sanctuary (Field Loop),true,https://sharonfoc.org/wp-content/uploads/2023/05/House-wren-Josh-5-18-23-230pm.jpeg,false,,
198616,Scarlet Tanager (female),Moose Hill Audubon Wildlife Sanctuary,true,https://sharonfoc.org/wp-content/uploads/2023/05/Scarlet-tanager-female-5-18-23-854am.jpeg,false,,
198620,Canada Warbler,Moose Hill Audubon Wildlife Sanctuary,true,https://sharonfoc.org/wp-content/uploads/2023/05/Canada-warbler-5-18-23-837am-1.jpeg,false,,
198630,Blackburnian Warbler,Moose Hill Audubon Wildlife Sanctuary,true,https://sharonfoc.org/wp-content/uploads/2023/05/Blackburnian-warbler-5-18-23-625am.jpeg,false,,
198634,Eastern Bluebird,Moose Hill Audubon Wildlife Sanctuary,true,https://sharonfoc.org/wp-content/uploads/2023/05/Bluebird-male-5-18-23-615am.jpeg,false,,
198692,Ruby-throated Hummingbird,Moose Hill Parkway,true,https://sharonfoc.org/wp-content/uploads/2023/05/Ruby-throated-hummingbird-Josh-5-17-23-1230pm.jpeg,false,,
198627,Hooded Warbler,Moose Hill Audubon Wildlife Sanctuary,true,https://sharonfoc.org/wp-content/uploads/2023/05/Hooded-warbler-5-17-23-10am.jpeg,false,,
198594,Pileated Woodpecker,Moose Hill Audubon Wildlife Sanctuary,true,https://sharonfoc.org/wp-content/uploads/2023/05/Pileated-woodpecker-5-17-23-834am.jpeg,false,,
198608,Yellow Star Grass,Moose Hill Audubon Wildlife Sanctuary,true,https://sharonfoc.org/wp-content/uploads/2023/05/Yellow-Star-Grass-5-17-23-707am.jpeg,false,,
198572,Ash Tree (diseased),Moose Hill Audubon Wildlife Sanctuary,true,https://sharonfoc.org/wp-content/uploads/2023/05/Emerald-ash-borer-damage-5-16-23-457pm-scaled.jpg,false,,
198580,Blue Toadflax,Moose Hill Audubon Wildlife Sanctuary (Bluff Trail),true,https://sharonfoc.org/wp-content/uploads/2023/05/Toadflax-5-16-23-413pm.jpeg,false,,
198584,Mourning Cloak Butterfly,Moose Hill Audubon Wildlife Sanctuary,true,https://sharonfoc.org/wp-content/uploads/2023/05/Mourning-cloak-5-16-23.jpeg,false,,
198561,Indian Cucumber Root,Moose Hill Audubon WIldlife Sanctuary,true,https://sharonfoc.org/wp-content/uploads/2023/05/Cucumber-root-5-16-23-404pm.jpeg,false,,
198567,Common Buttercup,Moose Hill Audubon Wildlife Sanctuary,true,https://sharonfoc.org/wp-content/uploads/2023/05/Buttercup-5-16-23-339pm.jpeg,false,,
198588,Marsh Blue Violet,Moose Hill Audubon Wildlife Sanctuary (boardwalk),true,https://sharonfoc.org/wp-content/uploads/2023/05/Marsh-blue-violet-5-16-23-331pm.jpeg,false,,
198564,White-tailed Deer,Moose Hill Audubon Wildlife Sanctuary,true,https://sharonfoc.org/wp-content/uploads/2023/05/White-tailed-deer-5-16-23-322pm.jpeg,false,,
198537,Eastern Wood-Pewee,Moose Hill Audubon Wildlife Sanctuary,true,https://sharonfoc.org/wp-content/uploads/2023/05/Wood-Pewee-5-16-23-946am.jpeg,false,,
198531,Veery,Moose Hill Audubon Wildlife Sanctuary,true,https://sharonfoc.org/wp-content/uploads/2023/05/Veery-5-16-23-915am.jpeg,false,,
198524,White-throated Sparrow,Moose Hill Audubon Wildlife Sanctuary,true,https://sharonfoc.org/wp-content/uploads/2023/05/White-throated-sparrow-5-16-23-706am-1-scaled.jpeg,false,,
198543,Tufted Titmouse,Moose Hill Audubon Wildlife Sanctuary,true,https://sharonfoc.org/wp-content/uploads/2023/05/Tufted-titmouse-5-16-23-752am.jpeg,false,,
198547,Brown-headed Cowbird (fledgling),Moose Hill Audubon Wildlife Sanctuary,true,https://sharonfoc.org/wp-content/uploads/2023/05/Cowbird-fledgling-5-16-23-728am-1.jpeg,false,,
198521,Royal Fern,Moose Hill Audubon Wildlife Sanctuary,true,https://sharonfoc.org/wp-content/uploads/2023/05/Royal-fern-5-16-23-716am-scaled.jpeg,false,,
198518,Marsh Fern,Moose Hill Audubon Wildlife Sanctuary (boardwalk),true,https://sharonfoc.org/wp-content/uploads/2023/05/Marsh-fern-5-16-23-715am.jpeg,false,,
198683,Scarlet Tanager,Moose Hill Audubon Wildlife Sanctuary,true,https://sharonfoc.org/wp-content/uploads/2023/05/Scarlet-tanager-Deb-5-15-23-432pm-1.jpeg,false,,
198514,Ovenbird,Moose Hill Audubon Wildlife Sanctuary,true,https://sharonfoc.org/wp-content/uploads/2023/05/Ovenbird-5-15-23-1020am.jpeg,false,,
198508,Veery,Moose Hill Audubon Wildlife Sanctuary (boardwalk),true,https://sharonfoc.org/wp-content/uploads/2023/05/Veery-5-15-23-858am.jpeg,false,,
198501,Scarlet Tanager,Moose Hill Audubon Wildlife Sanctuary,true,https://sharonfoc.org/wp-content/uploads/2023/05/Scarlet-tanager-5-15-23-850am.jpeg,false,,
198493,Black-throated Blue Warbler,Moose Hill Audubon Wildlife Sanctuary,true,https://sharonfoc.org/wp-content/uploads/2023/05/Black-throated-blue-warbler-5-15-23-802am.jpeg,false,,
198505,Ruby-throated Hummingbird,Moose Hill Audubon Wildlife Sanctuary,true,https://sharonfoc.org/wp-content/uploads/2023/05/Ruby-throated-hummingbird-5-15-23-635am.jpeg,false,,
198695,Ovenbird,Moose Hill Parkway,true,https://sharonfoc.org/wp-content/uploads/2023/05/Ovenbird-Josh-5-14-23-1230pm-2.jpeg,false,,
198482,Magnolia Warbler,Moose Hill Audubon Wildlife Sanctuary,true,https://sharonfoc.org/wp-content/uploads/2023/05/Magnolia-warbler-5-14-23-754am.jpeg,false,,
198475,Canada Warbler,Moose Hill Audubon Wildlife Sanctuary,true,https://sharonfoc.org/wp-content/uploads/2023/05/Canada-warbler-5-14-23-642am.jpeg,false,,
198700,Black-and-white warbler,Moose Hill Parkway,true,https://sharonfoc.org/wp-content/uploads/2023/05/Black-and-white-warbler-Josh-5-13-23-5pm.jpeg,false,,
198703,Baltimore Oriole,Moose Hill Parkway,true,https://sharonfoc.org/wp-content/uploads/2023/05/Baltimore-oriole-Josh-5-13-23-400pm.jpeg,false,,
198467,Jack-in-the-pulpit,Moose Hill Audubon Wildlife Sanctuary,true,https://sharonfoc.org/wp-content/uploads/2023/05/Jack-in-the-pulpit-5-13-23-1121am-scaled.jpeg,false,,
198706,Wood thrush,Moose Hill Audubon Wildlife Sanctuary,true,https://sharonfoc.org/wp-content/uploads/2023/05/Wood-thrush-Josh-5-13-23-11am.jpeg,false,,
198766,Yellow Warbler (female),Moose Hill Audubon Wildlife Sanctuary &#8211; Billings Loop,true,https://sharonfoc.org/wp-content/uploads/2023/05/Yellow-warbler-female-Punitha-5-13-23-930am.jpeg,false,,
198471,Starflower,Moose Hill Audubon Wildlife Sanctuary,true,https://sharonfoc.org/wp-content/uploads/2023/05/Northern-Starflower-5-13-23-1.jpeg,false,,
198461,Blackburnian Warbler,Moose Hill Audubon Wildlife Sanctuary,true,https://sharonfoc.org/wp-content/uploads/2023/05/Blackburnian-warbler-5-12-23-8-am.jpeg,false,,
198456,Chestnut-sided Warbler,Moose Hill Audubon Wildlife Sanctuary,true,https://sharonfoc.org/wp-content/uploads/2023/05/Chestnut-sided-warbler-5-12-23-714am.jpeg,false,,
198446,Nashville Warbler,Moose Hill Audubon Wildlife Sanctuary,true,https://sharonfoc.org/wp-content/uploads/2023/05/Nashville-warbler-5-12-23-627-am.jpeg,false,,
198452,Baltimore Oriole,Moose Hill Audubon WIldlife Sanctuary (Billings Loop near the barn),true,https://sharonfoc.org/wp-content/uploads/2023/05/Baltimore-oriole-5-12-23-606am.jpeg,false,,
198442,Red Squirrel,Moose Hill Audubon Wildlife Sanctuary,true,https://sharonfoc.org/wp-content/uploads/2023/06/Red-squirrel-6-22-23-1115am.jpeg,false,,
198426,Carpenter Bee,Moose Hill Audubon Wildlife Sanctuary (Billings Loop barn),true,https://sharonfoc.org/wp-content/uploads/2023/05/Carpenter-bee-5-11-23-905-am.jpeg,false,,
198421,Pine Siskin,Moose Hill Audubon Wildlife Sanctuary (near Billings Loop barn),true,https://sharonfoc.org/wp-content/uploads/2023/05/Pine-Siskins-5-11-23-855-am.jpeg,false,,
198435,Star of Bethlehem,Moose Hill Audubon Wildlife Sanctuary,true,https://sharonfoc.org/wp-content/uploads/2023/05/Common-Star-of-Bethlehem.jpg,false,,
198418,Common Yellowthroat,Moose Hill Audubon Wildlife Sanctuary (boardwalk),true,https://sharonfoc.org/wp-content/uploads/2023/05/Common-yellowthroat-5-10-23-930-am.jpeg,false,,
198412,American redstart,Moose Hill Audubon Wildlife Sanctuary,true,https://sharonfoc.org/wp-content/uploads/2023/05/Redstart-5-10-23-730-am.jpeg,false,,
198409,Great Crested flycatcher,Moose Hill Audubon Wildlife Sanctuary,true,https://sharonfoc.org/wp-content/uploads/2023/05/Great-Crested-Flycatcher-5-11-23-7-am.jpeg,false,,
198753,Ringed Boghaunter dragonfly,Moose Hill Farm (TTOR). The exact location can be seen here: https://www.inaturalist.org/observations/160951954,true,https://sharonfoc.org/wp-content/uploads/2023/05/Ringed-boghaunter-Baur-5-10-23-1204pm.jpeg,false,,
198398,White-crowned sparrow,"Paul Revere Rd., Sharon",true,https://sharonfoc.org/wp-content/uploads/2023/05/White-crowned-sparrow-5-9-23-7-pm.jpeg,false,,
198370,Wood thrush,Moose Hill Audubon Wildlife Sanctuary,true,https://sharonfoc.org/wp-content/uploads/2023/05/Wood-thrush-5-9-23-609-am.jpeg,false,,
198393,Lily of the Valley,Moose Hill Audubon Wildlife Sanctuary,true,https://sharonfoc.org/wp-content/uploads/2023/05/Lily-of-the-Valley-5-9-23-820-am-scaled.jpeg,false,,
198389,Narrow-leaved Spring Beauty,Sharon,true,https://sharonfoc.org/wp-content/uploads/2023/05/Spring-Beauty-5-9-23-812-am-1-scaled.jpeg,false,,
198365,Palm Warbler,Moose Hill Audubon Wildlife Sanctuary,true,https://sharonfoc.org/wp-content/uploads/2023/05/Palm-warbler-5-9-23-8-am.jpeg,false,,
198439,Pileated Woodpecker,Moose Hill Audubon Wildlife Sanctuary,true,https://sharonfoc.org/wp-content/uploads/2023/05/Pileated-Woodpecker-Deb-Radovsky.jpeg,false,,
198361,Cecropia Moth cocoon,Moose Hill Audubon Wildlife Sanctuary,true,https://sharonfoc.org/wp-content/uploads/2023/05/Cecropia-moth-coccoon-5-9-23-740-am-scaled.jpeg,false,,
198358,Red Chokeberry,Moose Hill Audubon Wildlife Sanctuary (in wetland),true,https://sharonfoc.org/wp-content/uploads/2023/05/Red-chokeberry-5-9-23-730-am.jpeg,false,,
198379,Baltimore Oriole,Moose Hill Audubon WIldlife Sanctuary,true,https://sharonfoc.org/wp-content/uploads/2023/05/Oriole-nest-5-11-23-915-am.jpeg,false,,
198354,Phoebe,Moose Hill Audubon Wildlife Sanctuary,true,https://sharonfoc.org/wp-content/uploads/2023/05/Phoebe-5-8-23-11-am-1.jpeg,false,,
198340,Blue-winged warbler,Moose Hill Audubon Wildlife Sanctuary,true,https://sharonfoc.org/wp-content/uploads/2023/05/Blue-winged-warbler-5-8-23-1006-am.jpeg,false,,
198334,Northern Parula Warbler,Moose Hill Audubon Wildlife Sanctuary,true,https://sharonfoc.org/wp-content/uploads/2023/05/Northern-parula-warbler-5-8-23-905-am.jpeg,false,,
198325,Yellow-rumped Warbler,Moose Hill Audubon Wildlife Sanctuary,true,https://sharonfoc.org/wp-content/uploads/2023/05/Yellow-rumped-warbler-5-8-23-740-am.jpeg,false,,
198350,Baltimore Oriole,Moose Hill Audubon WIldlife Sanctuary,true,https://sharonfoc.org/wp-content/uploads/2023/05/Baltimore-oriole-5-8-23-845-am.jpeg,false,,
198319,Black-throated Green Warbler,Moose Hill Audubon Wildlife Sanctuary,true,https://sharonfoc.org/wp-content/uploads/2023/05/Black-throated-green-warbler-5-8-23-705.jpeg,false,,
198316,Blue-headed Vireo,Moose Hill Audubon Wildlife Sanctuary,true,https://sharonfoc.org/wp-content/uploads/2023/05/Blue-headed-vireo.jpeg,false,,
198298,Hairy Woodpecker,Moose Hill Audubon Wildlife Sanctuary (boardwalk),true,https://sharonfoc.org/wp-content/uploads/2023/05/Hairy-woodpecker-5-7-23-645-am-3.jpeg,false,,
198275,Scarlet Tanager,Moose Hill Audubon Wildlife Sanctuary,true,https://sharonfoc.org/wp-content/uploads/2023/05/Scarlet-tanager-5-7-23-845-am.jpeg,false,,
198285,Northern Parula Warbler,Moose Hill Audubon Wildlife Sanctuary,true,https://sharonfoc.org/wp-content/uploads/2023/05/Northern-parula-5-7-23-820-am.jpeg,false,,
198278,Palm Warbler,Moose Hill Audubon Wildlife Sanctuary,true,https://sharonfoc.org/wp-content/uploads/2023/05/Palm-Warbler-5-7-23-750-am.jpeg,false,,
198294,Brown-headed Cowbird (male),Moose Hill Audubon Wildlife Sanctuary,true,https://sharonfoc.org/wp-content/uploads/2023/05/Brown-headed-cowbird-5-7-23-630-am-1.jpeg,false,,
198289,Common Blue Violet,Moose Hill Audubon Wildlife Sanctuary,true,https://sharonfoc.org/wp-content/uploads/2023/05/Common-Blue-Violet-5-7-23-6-am.jpg,false,,
198314,American Black Bear,45 Furnace St.,true,https://sharonfoc.org/wp-content/uploads/2023/05/BEAR-VISIT-1.mp4,false,,
198624,Gray Tree Frog,Mountain St.,true,https://sharonfoc.org/wp-content/uploads/2023/05/Gray-tree-frog-Rita-5-6-23-920pm.jpeg,false,,
198272,Carolina Silverbell tree,Moose Hill Audubon Wildlife Sanctuary,true,https://sharonfoc.org/wp-content/uploads/2023/05/Carolina-silverbell-5-6-23-1017-am.jpeg,false,,
198248,Black Swallowtail butterfly,Moose Hill Audubon Wildlife Sanctuary,true,https://sharonfoc.org/wp-content/uploads/2023/05/Black-swallowtail-wing-5-6-23-946-am-1.jpeg,false,,
198245,Tiger Swallowtail butterfly,Moose Hill Audubon Wildlife Sanctuary,true,https://sharonfoc.org/wp-content/uploads/2023/05/Tiger-swallowtail-5-6-23-815-am.jpeg,false,,
198242,Yellow-rumped Warbler,Moose Hill Audubon Wildlife Sanctuary,true,https://sharonfoc.org/wp-content/uploads/2023/05/Yellow-rumped-warbler-5-6-23-749-am.jpeg,false,,
198260,Blue-gray gnatcatcher,Moose Hill Audubon Wildlife Sanctuary,true,https://sharonfoc.org/wp-content/uploads/2023/05/Blue-gray-gnatcatcher-5-5-23-1237-pm.jpeg,false,,
198257,Northern Waterthrush,Moose Hill Audubon Wildlife Sanctuary,true,https://sharonfoc.org/wp-content/uploads/2023/05/Northern-waterthrush-singing-5-5-23-723-am.jpeg,false,,
198264,Black-and-white warbler,Moose Hill Audubon Wildlife Sanctuary,true,https://sharonfoc.org/wp-content/uploads/2023/05/Black-White-warbler-5-5-23-706-am-1.jpeg,false,,
198254,Tree Swallow,Moose Hill Audubon Wildlife Sanctuary,true,https://sharonfoc.org/wp-content/uploads/2023/05/Tree-swallows-5-5-23-651-am.jpeg,false,,
198268,Scarlet Tanager,Moose Hill Audubon Wildlife Sanctuary,true,https://sharonfoc.org/wp-content/uploads/2023/05/Scarlet-tanager-5-4-23-730-am.jpeg,false,,
198207,Sand Violet (also known as Hookedspur Violet),Moose Hill Audubon Wildlife Sanctuary,true,https://sharonfoc.org/wp-content/uploads/2023/04/Hookedspur-violet-4-28-23-1057-am.jpeg,false,,
198210,Hermit Thrush,Moose Hill Audubon Wildlife Sanctuary,true,https://sharonfoc.org/wp-content/uploads/2023/04/Hermit-thrush-4-28-23-1013-am.jpeg,false,,
198216,Brown Creeper,Moose Hill Audubon Wildlife Sanctuary,true,https://sharonfoc.org/wp-content/uploads/2023/04/Brown-creeper-4-28-23-852-am.jpeg,false,,
198213,Brown-headed Cowbird,Moose Hill Audubon Wildlife Sanctuary,true,https://sharonfoc.org/wp-content/uploads/2023/04/Cowbird-4-28-23-830-am.jpeg,false,,
198228,Chipping Sparrow,Moose Hill Audubon Wildlife Sanctuary,true,https://sharonfoc.org/wp-content/uploads/2023/04/Chipping-sparrow.jpeg,false,,
198203,Azure Bluet,Moose Hill Farm (TTOR),true,https://sharonfoc.org/wp-content/uploads/2023/04/Azure-bluet-4-27-23-338-pm.jpeg,false,,
198199,Wild strawberry,Moose Hill Farm (TTOR) along dirt road under high tension wires,true,https://sharonfoc.org/wp-content/uploads/2023/04/Wild-Strawberry-4-27-23-326-pm.jpeg,false,,
198195,Wood Anemone,Moose Hill Farm (TTOR) along dirt road under high tension wires,true,https://sharonfoc.org/wp-content/uploads/2023/04/Wood-anemone-4-27-23-302-pm.jpeg,false,,
198190,American Kestrel (a.k.a. sparrow hawk),Moose Hill Farm (TTOR),true,https://sharonfoc.org/wp-content/uploads/2023/04/Kestrel-4-27-23-3-pm.jpeg,false,,
198188,Ruby-crowned Kinglet,Moose Hill Audubon Wildlife Sanctuary,false,,false,,
198172,Swamp Sparrow,Moose Hill Audubon Wildlife Sanctuary (boardwalk),true,https://sharonfoc.org/wp-content/uploads/2023/04/Swamp-sparrow-4-26-23-606-am.jpeg,false,,
198168,Blue-gray gnatcatcher,Moose Hill Audubon Wildlife Sanctuary,true,https://sharonfoc.org/wp-content/uploads/2023/04/Blue-gray-gnatcatcher-4-26-23-551-am.jpeg,false,,
198144,Beard lichen,Gavins Pond Rd. (my back yard),true,https://sharonfoc.org/wp-content/uploads/2023/04/Beard-lichen-4-25-23-127-pm.jpeg,false,,
198141,Spring Azure butterfly,Gavins Pond Rd (my back yard),true,https://sharonfoc.org/wp-content/uploads/2023/04/Spring-azure-4-25-23-125-pm.jpeg,false,,
198134,House Finch,Gavins Pond Rd (my back yard),true,https://sharonfoc.org/wp-content/uploads/2023/04/House-finch-female-4-25-23-113-pm.jpeg,false,,
198162,Tree Swallow,Moose Hill Audubon Wildlife Sanctuary,true,https://sharonfoc.org/wp-content/uploads/2023/04/Tree-swallow-4-25-23-851.jpeg,false,,
198157,Pine Warbler,Moose Hill Audubon Wildlife Sanctuary,true,https://sharonfoc.org/wp-content/uploads/2023/04/Pine-warbler-4-25-23-831-1.jpeg,false,,
198147,Virginia saxifrage,Moose Hill Audubon Wildlife Sanctuary (bluff overlook),true,https://sharonfoc.org/wp-content/uploads/2023/04/Virginia-saxifrage-4-25-23-815.jpeg,false,,
198152,Palm Warbler,Moose Hill Audubon Wildlife Sanctuary (Billings Loop),true,https://sharonfoc.org/wp-content/uploads/2023/04/Palm-warbler-4-26-23-651-am.jpeg,false,,
198232,Narrow-leaved Spring Beauty,Sharon,true,https://sharonfoc.org/wp-content/uploads/2023/04/Spring-Beauty-4-13-23-901-am.jpeg,false,,
198551,Short-tailed wWeasel,Moose Hill St.,true,https://sharonfoc.org/wp-content/uploads/2023/05/Short-tailed-weasel-3-12-23-M-Bissanti-scaled.jpeg,false,,
198042,Bald Eagle,"Massapoag Ave, near Massapoag Lane, in a tree on edge of lake",true,https://sharonfoc.org/wp-content/uploads/ninja-forms/10/50EB5B7B-7469-484A-AA82-7DACFA8B3343.jpeg,false,,
198307,Northern Saw-whet Owl,Moose Hill Audubon Wildlife Center,true,https://sharonfoc.org/wp-content/uploads/2023/05/Saw-whet-owl-10-16-22.jpeg,false,,
198084,Snapping Turtle,Pud’s Pond (Borerland State Park),true,https://sharonfoc.org/wp-content/uploads/ninja-forms/10/SNAPPER.jpg,false,,
198831,Luna Moth (caterpillar),Moose Hill area,true,https://sharonfoc.org/wp-content/uploads/2023/06/Luna-moth-caterpillar-8-20-22-1015am.jpeg,false,,
198001,American Black Bear,33 Moose Hill Parkway,true,https://sharonfoc.org/wp-content/uploads/2022/10/Bear.jpeg,false,,
198556,Striped Skunk,Moose Hill St.,true,https://sharonfoc.org/wp-content/uploads/2023/05/skunks.mov,false,,
197959,Painted Skimmer dragonfly,Moose Hill area,true,https://sharonfoc.org/wp-content/uploads/ninja-forms/10/ps-2-scaled.jpg,false,,
198055,Bald Eagle,"In tree along edge of lake, Massapoag Ave near Potter Avenue",true,https://sharonfoc.org/wp-content/uploads/ninja-forms/10/E5ED6685-F672-476E-90BE-A4ECC9B832A6.jpeg,false,,
198052,Yellow-throated vireo,"Moose Hill Audubon Sanctuary, in tree on edge of meadow, near Billings Barn.",true,https://sharonfoc.org/wp-content/uploads/ninja-forms/10/A6057426-483D-4ADC-B58B-05391288B4FF.jpeg,false,,
197944,Early Tachinid Fly,Moose Hill Wildlife Sanctuary,true,https://sharonfoc.org/wp-content/uploads/ninja-forms/10/etf-1-scaled.jpg,false,,
197942,Dimorphic Jumping Spider,Moose Hill area,false,,false,,
198081,Eastern Wood-Pewee,Moose Hill Audubon Wildlife Sanctuary near Billings barn,true,https://sharonfoc.org/wp-content/uploads/ninja-forms/10/952F5EC6-7D5C-4796-9CF8-D51418CC247D.jpeg,false,,
197925,Japanese Quail,Beach & Harding,true,https://sharonfoc.org/wp-content/uploads/2022/05/Japanese-quail.jpg,false,,
197919,Scarlet Tanager,King Phillip Rock where Lakeview Field Trail and Horizon’s path diverge,false,,false,,
198086,Barred Owl,King Phillip Trail near King Phillip Rd.,false,,false,,
197910,Tiger Swallowtail butterfly,Mountain Street,true,https://sharonfoc.org/wp-content/uploads/2022/05/Tiger-swallowtail-on-hummingbird-feeder.jpeg,false,,
197907,Great Blue Heron,Mann’s Pond,true,https://sharonfoc.org/wp-content/uploads/ninja-forms/10/B27AFE20-3E96-4A7A-AD5A-7810A7FF8D3C.jpeg,false,,
198077,Eastern Towhee (female),Moose Hill Audubon Wildlife Sanctuary,true,https://sharonfoc.org/wp-content/uploads/ninja-forms/10/786521A8-EC6C-47B3-B47C-B289886D1289.jpeg,false,,
198079,Eastern Towhee (male),Moose Hill Audubon Wildlife Sanctuary,true,https://sharonfoc.org/wp-content/uploads/ninja-forms/10/C9556450-4056-41A1-9A62-F3B63B4598EC.jpeg,false,,
198089,Veery,Moose Hill Audubon Wildlife Sanctuary boardwalk,true,https://sharonfoc.org/wp-content/uploads/ninja-forms/10/79A4FFB4-8CAE-4FBC-98A0-982D7CB30A6D.jpeg,false,,
199027,Great Horned Owl (juvenile),Pine Grove Ave.,true,https://sharonfoc.org/wp-content/uploads/2023/10/Great-Horned-Owl-Video-Tavares.mp4,false,,
198063,Broad-winged hawk,"Moose Hill, near nature center",true,https://sharonfoc.org/wp-content/uploads/ninja-forms/10/1E8EC48B-734C-4E24-9E5F-A9542614D5BA.jpeg,false,,
198017,Red Trillium,Town-owned conservation land near Moose Hill Audubon Wildlife Sanctuary,true,https://sharonfoc.org/wp-content/uploads/2022/10/Red-trillium-2-scaled.jpg,false,,
198021,Green False Hellebore,Town-owned conservation land near Moose Hill Audubon Wildlife Sanctuary,true,https://sharonfoc.org/wp-content/uploads/2022/10/Green-False-Hellebore.jpg,false,,
198008,Marsh Marigold,headwaters of Beaver Brook,true,https://sharonfoc.org/wp-content/uploads/2022/10/Marsh-marigold-5-scaled.jpg,false,,
197896,Northern flying squirrel,Beach St.,true,https://sharonfoc.org/wp-content/uploads/2022/05/Flying-Squirrel-Kramer-4-4-22-922pm.avi,false,,
197876,Yellow Spotted Salamander,Moose Hill St. near TTOR’s Moose Hill Farm,true,https://sharonfoc.org/wp-content/uploads/2022/03/Yellow-spotted-salamander-Bruce-Lewis.jpeg,false,,
197867,Fisher,"302 Mansfield St., Sharon",false,,false,,
197870,Bobcat,Moose Hill Audubon WIldlife Sanctuary,true,https://sharonfoc.org/wp-content/uploads/2022/03/Bobcat-tracks-Kramer-2-26-22-scaled.jpg,false,,
197864,Yellow Spotted Salamander,"359 Mansfield Street, Sharon",false,,false,,
197860,Eastern Bluebird,Osprey Road,true,https://sharonfoc.org/wp-content/uploads/2022/02/Bluebirds-on-birdbath-in-February.jpeg,false,,
197852,Fisher,Manns Pond & Billings St.,true,https://sharonfoc.org/wp-content/uploads/ninja-forms/10/fishercat-1-of-1.jpg,false,,
197830,Peregrine falcon,Tolman St.,true,https://sharonfoc.org/wp-content/uploads/2021/12/peregrine-falcon-1.jpg,false,,
197835,Brown Marmorated Stink Bug (adult),Gavins Pond Rd. (my back yard),true,https://sharonfoc.org/wp-content/uploads/2021/12/Brown-Marmorated-Stink-Bug.jpeg,false,,
197792,Bear’s Head Tooth Fungus (a.k.a. Lion’s Mane or Comb Tooth),Near the footbridge over Beaver Brook near the outbound train station,true,https://sharonfoc.org/wp-content/uploads/2021/10/Bears-Head-Tooth-closeup.jpeg,false,,
191810,Northern flying squirrel,Beach St.,true,https://sharonfoc.org/wp-content/uploads/2021/09/Flying-squirrels-Kramer-9721-10pm.jpg,false,,
185249,White Perch,Lake Massapoag,true,https://sharonfoc.org/wp-content/uploads/2021/08/white-perch-8-16-21.jpeg,false,,
186293,Spotted Lanternfly,Old Wolomolopoag Street,true,https://sharonfoc.org/wp-content/uploads/2021/08/Spotted-Lanternfly-range.jpg,false,,
170650,Wild Turkey,my back yard (4 Gavins Pond Rd.),true,https://sharonfoc.org/wp-content/uploads/2021/07/Wild-turkey-chicks.jpg,false,,
197788,Grapevine Beetle (a.k.a Spotted June Beetle),Moose Hill area,true,https://sharonfoc.org/wp-content/uploads/ninja-forms/10/gb-scaled.jpg,false,,
171581,House Wren,4 Gavins Pond Rd.,true,https://sharonfoc.org/wp-content/uploads/2021/07/House-wren-feeding-chick-7-6-21-scaled.jpeg,false,,
171569,Common Green Bottle Fly,Maskwonicut St. (on the bridge over Beaver Brook),true,https://sharonfoc.org/wp-content/uploads/2021/07/Common-Greenbottle-Fly-7-5-21.jpeg,false,,
171543,Mexican Grass-carrying Wasp,Maskwonicut St. (on the bridge over Beaver Brook),true,https://sharonfoc.org/wp-content/uploads/2021/07/Mexican-Grass-Carrying-Wasp-7-5-21.jpeg,false,,
171372,Grapeleaf skeletonizer moth,Maskwonicut St. bridge over Beaver Brook,true,https://sharonfoc.org/wp-content/uploads/2021/07/Grapeleaf-Skeletonizer-moth.jpeg,false,,
171538,Great Golden Digger Wasp,Maskwonicut St. (on the bridge over Beaver Brook),true,https://sharonfoc.org/wp-content/uploads/2021/07/Great-Golden-Digger-Wasp-7-5-21-1.jpeg,false,,
171369,Long-legged fly,Maskwonicut St. near Beaver Brook,true,https://sharonfoc.org/wp-content/uploads/2021/07/Condylostylus-patibulatus-7-5-21.jpeg,false,,
171360,Ruby-throated Hummingbird,4 Gavins Pond Rd.,true,https://sharonfoc.org/wp-content/uploads/2021/07/male-female-hummingbirds.jpeg,false,,
171578,Tall Meadow Rue,Moose Hill Farm (TTOR),true,https://sharonfoc.org/wp-content/uploads/2021/07/Tall-Meadow-rue-scaled.jpg,false,,
171573,Amur Cork Tree,Moose Hill Farm (TTOR),true,https://sharonfoc.org/wp-content/uploads/2021/07/Amur-Corktree-scaled.jpg,false,,
170688,Black Raspberry,Moose Hill Farm (TTOR),true,https://sharonfoc.org/wp-content/uploads/2021/07/black-raspberries-6-24-21.jpeg,false,,
170676,Spicebush Swallowtail butterfly,Moose Hill Audubon (Billings Loop near the barn),true,https://sharonfoc.org/wp-content/uploads/2021/07/Spicebush-swallowtail-6-24-21.jpg,false,,
170682,Tiger Swallowtail butterfly,Moose Hill Farm (TTOR),true,https://sharonfoc.org/wp-content/uploads/2021/07/Tiger-Swallowtail-6-24-21.jpeg,false,,
152668,Osprey,tall cell tower by the composting area at the end of Farnham Road,true,https://sharonfoc.org/wp-content/uploads/2021/05/osprey-perched-with-fish.jpeg,false,,
152848,Killdeer,composting area at the end of Farnham Road,true,https://sharonfoc.org/wp-content/uploads/2021/05/kildeer-Farnham-Rd.jpg,false,,
153128,Red Crossbill,Moose Hill,true,https://sharonfoc.org/wp-content/uploads/ninja-forms/10/rcb-001-scaled.jpg,false,,
153228,Water Beetle,Moose Hill Audubon Wildlife Sanctuary,true,https://sharonfoc.org/wp-content/uploads/2021/05/Desmopachria-water-beetle.jpeg,false,,
153156,Globular Springtail,Moose Hill Audubon Wildlife Sanctuary,true,https://sharonfoc.org/wp-content/uploads/2021/05/Sminthurides-malmgreni-globular-springtail.jpeg,false,,
126636,Fisher,Furnace St.,true,https://sharonfoc.org/wp-content/uploads/2021/02/Fisher-Buermann-2-26-21-743p.jpg,false,,
110911,Pine Warbler,Moose Hill area,true,https://sharonfoc.org/wp-content/uploads/ninja-forms/10/pw-scaled.jpg,false,,
113300,Dark-eyed Junco,Gavins Pond Rd. (our back yard),true,https://sharonfoc.org/wp-content/uploads/2021/01/Junco-12-18-20-scaled.jpeg,false,,
113297,Northern Cardinal (female),Gavins Pond Rd. (our back yard),true,https://sharonfoc.org/wp-content/uploads/2021/01/Cardinal-female-12-18-20-scaled.jpg,false,,
113303,Globular Springtails,45 Furnace St.,true,https://sharonfoc.org/wp-content/uploads/2021/01/Springtails.jpg,false,,
106379,Northern Cardinal,Gavins Pond Rd. (my back yard),true,https://sharonfoc.org/wp-content/uploads/2020/12/cardinal-male-11-27-20-1243p.jpg,false,,
106383,Tufted Titmouse,Gavins Pond Rd. (my back yard),true,https://sharonfoc.org/wp-content/uploads/2020/12/tufted-titmouse-11-27-20-1220p.jpg,false,,
106386,Eastern Gray Squirrel,Gavins Pond Rd. (my back yard),true,https://sharonfoc.org/wp-content/uploads/2020/12/gray-squirrel-descending-11-27-20-1209p-scaled.jpg,false,,
106352,House Finch,4 Gavins Pond Rd. (my back yard),true,https://sharonfoc.org/wp-content/uploads/2020/12/House-finch-female-11-27-20-1241p.jpg,false,,
92907,Pileated Woodpecker,"302-296 Mansfield St., Sharon",false,,false,,
83612,Ringless Honey Mushroom,Moose Hill area,true,https://sharonfoc.org/wp-content/uploads/ninja-forms/10/honey2.jpg,false,,
81340,Pickerel Frog,Moose Hill area,true,https://sharonfoc.org/wp-content/uploads/ninja-forms/10/pickerel.JPG,false,,
81338,Goldrenrod Bunch Gall Midge,Moose Hill area,true,https://sharonfoc.org/wp-content/uploads/ninja-forms/10/gall-scaled.jpg,false,,
81314,Parasol mushroom,Moose Hill area,true,https://sharonfoc.org/wp-content/uploads/ninja-forms/10/parasol.JPG,false,,
80988,Brittle Gill Mushroom,conservation land near Lakeview & Morse,true,https://sharonfoc.org/wp-content/uploads/2020/09/Brittle-gill-mushroom-Russula-pulchra2-9-7-20-542p-1-scaled.jpg,false,,
80958,Chicken of the Woods,conservation land near Lakeview & Morse,true,https://sharonfoc.org/wp-content/uploads/2020/09/Chicken-of-the-woods-1-scaled.jpg,false,,
80779,Wild Grapes,Conservation land at Morse & Lakeview,true,https://sharonfoc.org/wp-content/uploads/2020/09/Wild-grapes-9-7-20-529p-scaled.jpg,false,,
81018,White-banded Crab Spider,Moose Hill area,true,https://sharonfoc.org/wp-content/uploads/ninja-forms/10/crabspider.jpg,false,,
80202,Late Purple Aster,Moose Hill Farm (TTOR),true,https://sharonfoc.org/wp-content/uploads/2020/09/late-purple-aster-9-4-20-215p.jpeg,false,,
80198,Bee fly,Moose Hill Farm (TTOR),true,https://sharonfoc.org/wp-content/uploads/2020/09/Bee-fly-Systropus-macer-9-4-20-215p.jpeg,false,,
80169,Slender Bush-Clover,Moose Hill Farm (TTOR),true,https://sharonfoc.org/wp-content/uploads/2020/09/Slender-bush-clover5-scaled.jpeg,false,,
80142,Gray Hairstreak butterfly,Moose Hill Farm (under power lines),true,https://sharonfoc.org/wp-content/uploads/2020/09/Gray-hairstreak-1.jpeg,false,,
79872,False Hop Sedge,undisclosed location in Sharon,false,,false,,
199715,Amanita mushroom,Moose Hill Farm,true,https://sharonfoc.org/wp-content/uploads/2025/04/Amanita-mushroom-9-4-20-132p-scaled.jpg,false,,
80135,Interrupted fern,Moose Hill Farm (TTOR),true,https://sharonfoc.org/wp-content/uploads/2020/09/Interrupted-fern-9-4-20-130p-1-scaled.jpg,false,,
80131,Indian Pipe,Moose Hill Farm,true,https://sharonfoc.org/wp-content/uploads/2020/09/Indian-pipe-9-4-20-118p-scaled.jpg,false,,
80068,Pure Gold-Green Sweat Bee,Moose Hill Farm (TTOR),true,https://sharonfoc.org/wp-content/uploads/2020/09/Pure-gold-green-sweat-bee-on-whorled-wood-aster.jpg,false,,
80096,Whorled Wood Aster,Moose Hill Farm (in the woods),true,https://sharonfoc.org/wp-content/uploads/2020/09/Whorled-wood-aster-9-4-20-110p-scaled.jpeg,false,,
80105,Clouded Sulphur butterfly,Moose Hill Farm (TTOR),true,https://sharonfoc.org/wp-content/uploads/2020/09/Clouded-sulphur-on-Joe-Pye-weed-9-4-20-102pm-scaled.jpg,false,,
80100,Praying Mantis,Moose Hill Farm (TTOR),true,https://sharonfoc.org/wp-content/uploads/2020/09/Praying-mantis-9-4-20-1249p-scaled.jpg,false,,
79903,Gray Catbird,near intersection of Beach & Harding Streets,true,https://sharonfoc.org/wp-content/uploads/ninja-forms/10/Gray-Catbird-497-scaled.jpg,false,,
79907,Mallard,near intersection of Beach & Harding Streets,true,https://sharonfoc.org/wp-content/uploads/ninja-forms/10/Mallard-x38-scaled.jpg,false,,
79875,Northern Cardinal (male),near intersection of Beach & Harding Streets,true,https://sharonfoc.org/wp-content/uploads/ninja-forms/10/Cardinal-375-scaled.jpg,false,,
79901,Downy Woodpecker,near intersection of Beach & Harding Streets,true,https://sharonfoc.org/wp-content/uploads/ninja-forms/10/Downy-Woodpecker-307-scaled.jpg,false,,
79877,Great Blue Heron,Lake Massapoag,true,https://sharonfoc.org/wp-content/uploads/ninja-forms/10/Great-Blue-Heron-412-scaled.jpg,false,,
75399,White Vervain,Moose Hill Farm (formerly the Kendall Estate),true,https://sharonfoc.org/wp-content/uploads/2020/08/white-vervain3-Verbena-urticifolia-scaled.jpg,false,,
75367,American Lady butterfly,Moose Hill Farm (formerly the Kendall Estate),true,https://sharonfoc.org/wp-content/uploads/2020/09/American-lady-8-18-20-1116a-2.jpeg,false,,
75393,New York Ironweed,Moose Hill Farm (formerly the Kendall Estate),true,https://sharonfoc.org/wp-content/uploads/2020/08/NY-ironweed-scaled.jpg,false,,
76629,Porcelain Gray Moth,4 Gavins Pond Rd.,true,https://sharonfoc.org/wp-content/uploads/2020/08/Porcelain-gray-moth.jpeg,false,,
76154,Devil’s Beggarticks,Mountain St.,true,https://sharonfoc.org/wp-content/uploads/2020/08/Devils-beggarticks-1-scaled.jpg,false,,
76151,Wood Nymph butterfly,Mountain St.,true,https://sharonfoc.org/wp-content/uploads/2020/08/Common-wood-nymph-butterfly-scaled.jpg,false,,
76120,Cardinal Flower,Morse St.,true,https://sharonfoc.org/wp-content/uploads/2020/08/Cardinal-flower-leaf-scaled.jpg,false,,
75431,False Puffball Slime Mold,Rattlesnake Hill,true,https://sharonfoc.org/wp-content/uploads/2020/08/False-puffball-slime-mold-Enteridium-lycoperdon.jpg,false,,
75405,Heller’s Rosette Grass,Gavins Pond Rd.,true,https://sharonfoc.org/wp-content/uploads/2020/08/Hellers-Rosette-grass2-scaled.jpg,false,,
76092,American burnweed (a.k.a. fireweed),Rattlesnake Hill,true,https://sharonfoc.org/wp-content/uploads/2020/08/Fireweed5-scaled.jpg,false,,
76084,Spotted Wintergreen,Mountain St.,true,https://sharonfoc.org/wp-content/uploads/2020/08/Spotted-wintergreen2-scaled.jpg,false,,
76088,Tree Cricket,Mountain St.,true,https://sharonfoc.org/wp-content/uploads/2020/08/Tree-cricket-scaled.jpg,false,,
76052,Halberd-leaved Tearthumb,Rattlesnake Hill,true,https://sharonfoc.org/wp-content/uploads/2020/08/Halberd-leaved-Tearthumb3-scaled.jpg,false,,
76078,Downy Rattlesnake Plantain Orchid,Rattlesnake Hill,true,https://sharonfoc.org/wp-content/uploads/2020/08/Downy-Rattlesnake-Plantain-8-13-20-143pm-scaled.jpg,false,,
74744,Scarlet Tanager,Rock Ridge Cemetery,true,https://sharonfoc.org/wp-content/uploads/ninja-forms/10/AA8C5760-7DCB-47B5-A411-FFC448179AA7.jpeg,false,,
74749,Spotted Sandpiper,Lake Massapoag,true,https://sharonfoc.org/wp-content/uploads/ninja-forms/10/4EEBE430-4329-4165-A4BB-71F903F264C9.jpeg,false,,
74747,Cedar Waxwing,along Lake Massapoag,true,https://sharonfoc.org/wp-content/uploads/ninja-forms/10/D1EC185F-7F16-4731-8416-855DB3BA30A0.jpeg,false,,
65236,Summer Grape,along Gavins Pond Road,true,https://sharonfoc.org/wp-content/uploads/2020/07/Summer-grape3-scaled.jpg,false,,
65199,Common Mugwort,along Gavins Pond Road,true,https://sharonfoc.org/wp-content/uploads/2020/07/Common-mugwort3-scaled.jpg,false,,
65169,Spotted Knapweed,along Gavins Pond Road,true,https://sharonfoc.org/wp-content/uploads/2020/07/Spotted-knapweed-scaled.jpg,false,,
65209,Lanceleaf Tickseed,along Gavins Pond Road,true,https://sharonfoc.org/wp-content/uploads/2020/07/Lanceleaf-Tickseed2-scaled.jpg,false,,
65173,Black-eyed Susan,along Gavins Pond Road,true,https://sharonfoc.org/wp-content/uploads/2020/07/Black-eyed-susan2-scaled.jpg,false,,
65204,Oriental Bittersweet,along Gavins Pond Road,true,https://sharonfoc.org/wp-content/uploads/2020/07/Oriental-bittersweet3-scaled.jpg,false,,
65241,Deer-tongue Grass,along Gavins Pond Road,true,https://sharonfoc.org/wp-content/uploads/2020/07/Deertongue-grass2-scaled.jpg,false,,
65163,Canada Wild Lettuce,along Gavins Pond Road,true,https://sharonfoc.org/wp-content/uploads/2020/07/Canada-wild-lettuce4-scaled.jpg,false,,
65138,Large Lace-border Moth,along Gavins Pond Road,true,https://sharonfoc.org/wp-content/uploads/2020/07/Large-Lace-border-moth-Scopula-limboundata.jpg,false,,
64787,Red Chanterelle Mushroom,Moose Hill Audubon Wildlife Sanctuary,true,https://sharonfoc.org/wp-content/uploads/2020/07/Red-Chanterelle-scaled.jpg,false,,
64780,Small Green Wood Orchid,somewhere in Sharon. Please do not dig up wildflowers!,true,https://sharonfoc.org/wp-content/uploads/2020/07/Small-Green-Wood-Orchid-blossom-scaled.jpg,false,,
65267,Shinleaf (a.k.a. White Wintergreen),"Mountain Street, near entrance to Rattlesnake Hill",true,https://sharonfoc.org/wp-content/uploads/2020/07/Shinleaf-White-Wintergreen-Rita.jpeg,false,,
64907,Widow Underwing moth,Moose Hill area,true,https://sharonfoc.org/wp-content/uploads/ninja-forms/10/P7070393.jpg,false,,
64881,Great crested flycatcher,Moose Hill area,true,https://sharonfoc.org/wp-content/uploads/ninja-forms/10/P7020834.jpg,false,,
61489,Viceroy butterfly,near Gavins Pond,true,https://sharonfoc.org/wp-content/uploads/2020/06/Viceroy-by-ZZ-6-22-20-1040a.jpg,false,,
61213,Small-leaved Linden Tree,Corner of Gavins Pond Rd. and Col. Gridley Rd.,true,https://sharonfoc.org/wp-content/uploads/2020/06/Small-leaved-linden-5-Tilia-cordata-6-21-20-430p-scaled.jpg,false,,
61206,Sheep’s bit,Along Gavins Pond Road,true,https://sharonfoc.org/wp-content/uploads/2020/06/Sheeps-bit-5-6-21-20-427p.jpg,false,,
64752,Raccoon,Moose Hill area,true,https://sharonfoc.org/wp-content/uploads/ninja-forms/10/P6190716.jpg,false,,
60739,Raccoon and Gray Fox,Furnace Street,false,,false,,
64727,Grape Leaffolder Moth,Moose Hill area,true,https://sharonfoc.org/wp-content/uploads/ninja-forms/10/P6140711.jpg,false,,
59940,Palmate Hop Clover,Moose Hill Farm (TTOR),true,https://sharonfoc.org/wp-content/uploads/2020/06/Large-hop-clover-Trifolium-aureum-6-14-20-521p.jpg,false,,
59935,Eastern Kingbird,Moose Hill Farm (TTOR),true,https://sharonfoc.org/wp-content/uploads/2020/06/Kingbird-6-14-20-441p-1.jpg,false,,
61245,Rough-fruited Cinquefoil,Moose Hill Farm (TTOR),true,https://sharonfoc.org/wp-content/uploads/2020/06/Potentilla-recta-6-14-20-3-scaled.jpg,false,,
64725,Red-spotted Admiral (or red-spotted purple) butterfly,Moose Hill area,true,https://sharonfoc.org/wp-content/uploads/ninja-forms/10/P6140629.jpg,false,,
64723,Common Pondhawk (or Eastern Pondhawk) dragonfly (female),Moose Hill area,true,https://sharonfoc.org/wp-content/uploads/ninja-forms/10/P6140581.jpg,false,,
64721,Slaty Skimmer dragonfly (female),Moose Hill area,true,https://sharonfoc.org/wp-content/uploads/ninja-forms/10/P6140347.jpg,false,,
59909,Spreading Dogbane,Moose Hill Audubon Wildlife Sanctuary,true,https://sharonfoc.org/wp-content/uploads/2020/06/Spreading-dogbane-Apocynum-androsaemifolium-1-scaled.jpg,false,,
59899,Catchweed Bedstraw,Moose Hill Audubon Wildlife Sanctuary,true,https://sharonfoc.org/wp-content/uploads/2020/06/Catchweed-bedstraw-Galium-aparine-6-13-20-610p-scaled.jpg,false,,
59893,Carolina Allspice,Moose Hill Audubon Wildlife Sanctuary,true,https://sharonfoc.org/wp-content/uploads/2020/06/Carolina-Sweetshrub-Calycanthus-floridus-6-13-20-605p-scaled.jpg,false,,
59413,Platterful Mushroom,Moose Hill Wildlife Sanctuary,true,https://sharonfoc.org/wp-content/uploads/2020/06/Platterful-mushroom-Megacollybia-rodmanii-6-13-20-555p-scaled.jpg,false,,
59866,Royal Fern,Moose Hill Audubon Wildlife Sanctuary,true,https://sharonfoc.org/wp-content/uploads/2020/06/Royal-Fern-Osmunda-regalis-6-13-20-550p-scaled.jpg,false,,
59858,American Groundnut,Moose Hill Audubon Wildlife Sanctuary,true,https://sharonfoc.org/wp-content/uploads/2020/06/American-Groundnut-Apios-americana-6-13-20-537p-2-scaled.jpg,false,,
59852,Joe Pye Weed,Moose Hill Audubon Wildlife Sanctuary,true,https://sharonfoc.org/wp-content/uploads/2020/06/Spotted-Joe-Pye-weed-6-13-20-520p-2-scaled.jpg,false,,
59363,Common Mullein,Moose Hill Audubon Wildlife Sanctuary,true,https://sharonfoc.org/wp-content/uploads/2020/06/Common-mullein-6-13-20-513p-1-scaled.jpg,false,,
59404,Purple Foxglove,Moose Hill Audubon Wildlife Sanctuary,true,https://sharonfoc.org/wp-content/uploads/2020/06/Purple-Foxglove-Digitalis-purpurea-6-13-20-523p-1-scaled.jpg,false,,
59368,Southern Arrowwood,Moose Hill Audubon Wildlife Sanctuary,true,https://sharonfoc.org/wp-content/uploads/2020/06/Southern-arrowwood-Viburnum-dentatum-6-13-20-5pm-1-scaled.jpg,false,,
59398,Broad-leaved Dock,Moose Hill Audubon Wildlife Sanctuary,true,https://sharonfoc.org/wp-content/uploads/2020/06/Broad-leaved-dock-Rumex-obtusifolius-6-13-20-457p-scaled.jpg,false,,
58649,Eastern Redcedar Tree,conservation land across the street from the Gavins Pond soccer fields,true,https://sharonfoc.org/wp-content/uploads/2020/06/Eastern-redcedar-trunk-6-9-20-5pm-scaled.jpg,false,,
58552,Maple-leaf Viburnum,shady woods near Gavins Pond,true,https://sharonfoc.org/wp-content/uploads/2020/06/Maple-leaf-viburnum-6-9-20-431p-1-scaled.jpg,false,,
58558,Three-leaved Rattlesnake Root,trail near Brook Road,true,https://sharonfoc.org/wp-content/uploads/2020/06/Rattlesnake-Root-6-9-20-420p-scaled.jpg,false,,
58562,Lilypad forktail damselfly,Gavins Pond dam,true,https://sharonfoc.org/wp-content/uploads/2020/06/Lilypad-Forktail-Damselfly-6-9-20-347p.jpg,false,,
58485,Dusted Skipper Butterfly,meadow near Gavins Pond,true,https://sharonfoc.org/wp-content/uploads/2020/06/dusted-skipper-Atrytonopsis-hianna-6-9-20-317p.jpg,false,,
58493,Frosted Elfin Butterfly,undisclosed location in Sharon,true,https://sharonfoc.org/wp-content/uploads/2020/06/Frosted-elfin-6-9-20-312p.jpg,false,,
58489,Common Ringlet butterfly,meadow near Gavins Pond dam,true,https://sharonfoc.org/wp-content/uploads/2020/06/Common-ringlet-Coenonympha-tullia-6-9-20-256pm-scaled.jpg,false,,
58519,Blue Toadflax,meadow near Gavins Pond dam,true,https://sharonfoc.org/wp-content/uploads/2020/06/Blue-Toadflax-6-9-20-252p.jpg,false,,
58622,Norway Maple Tree,Gavins Pond dam,true,https://sharonfoc.org/wp-content/uploads/2020/06/Norway-Maple-6-9-20-413p-1-scaled.jpg,false,,
58587,Gray Birch Tree,meadow near Gavins Pond dam,true,https://sharonfoc.org/wp-content/uploads/2020/06/Gray-birch-6-9-20-244p-scaled.jpg,false,,
58593,Bigtooth Aspen Tree,near soccer parking lot on Gavins Pond Road,true,https://sharonfoc.org/wp-content/uploads/2020/06/Bigtooth-aspen-leaf-Populus-grandidentata-3-scaled.jpg,false,,
58524,Spittlebug,beside soccer parking area on Gavins Pond Rd,true,https://sharonfoc.org/wp-content/uploads/2020/06/Spittlebug-6-9-20-149p-1-scaled.jpg,false,,
64719,House Wren,Moose Hill area,true,https://sharonfoc.org/wp-content/uploads/ninja-forms/10/P6090291.jpg,false,,
59227,Harlequin Darner dragonfly (male),field near Gavins Pond dam,true,https://sharonfoc.org/wp-content/uploads/2020/06/Harlequin-darner-male-6-9-20-230p-scaled.jpg,false,,
57946,Broad-leaved Speedwell,4 Gavins Pond Road (my back yard),true,https://sharonfoc.org/wp-content/uploads/2020/06/Broad-leaved-speedwell-Veronica-austiaca-6-7-20-538p-scaled.jpg,false,,
58072,Multiflora rose,Quincy St.,true,https://sharonfoc.org/wp-content/uploads/ninja-forms/10/A5AD74A7-CC26-4EF9-8F80-EE1C970F3A15-rotated.jpeg,true,42.111716666666666,-71.1737138888889
57169,Fisher,Old Post Road,true,https://sharonfoc.org/wp-content/uploads/2020/06/Fisher-Cat-by-Eric-Zaniewski-6-4-20-3pm.jpg,false,,
58030,Siberian Iris,Moose Hill Audubon Wildlife Sanctuary,true,https://sharonfoc.org/wp-content/uploads/2020/06/Siberian-iris-Iris-sanguinea-6-4-20-1128a-scaled.jpg,false,,
57980,Field Horsetail,Moose Hill Audubon Wildlife Sanctuary,true,https://sharonfoc.org/wp-content/uploads/2020/06/Field-horsetail-6-4-20-1213p-1-scaled.jpg,false,,
58035,Dame’s Rocket,Moose Hill Audubon Wildlife Sanctuary,true,https://sharonfoc.org/wp-content/uploads/2020/06/Dames-rocket-6-4-20-1115a-1-1-scaled.jpg,false,,
58064,Schlaeger’s fruitworm moth,Near tennis courts at outbound train station,true,https://sharonfoc.org/wp-content/uploads/2020/06/a-woodland-moth.jpg,false,,
57348,Harlequin Darner dragonfly,Moose Hill Farm (TTOR),true,https://sharonfoc.org/wp-content/uploads/2020/06/Harlequin-darner-female-6-2-20-116p-scaled.jpg,false,,
56879,False Solomon’s Seal,Moose Hill Farm (TTOR),true,https://sharonfoc.org/wp-content/uploads/2020/06/False-Solomons-Seal-6-2-20-1055a-scaled.jpg,false,,
56752,Black Gum Tree,Trustees of Reservations’ Moose Hill Farm,true,https://sharonfoc.org/wp-content/uploads/2020/06/Black-gum-Nyssa-sylvatica-TTOR-5-31-20-517p-2-scaled.jpg,false,,
56725,Star of Bethlehem,Trustees of Reservations’ Moose Hill Farm,true,https://sharonfoc.org/wp-content/uploads/2020/06/Star-of-Bethlehem-5-31-20-508p-1-scaled.jpg,false,,
56772,Eastern cottontail rabbit,Moose Hill Farm (TTOR),true,https://sharonfoc.org/wp-content/uploads/2020/06/Eastern-cottontail-5-31-20-458p-scaled.jpg,false,,
56775,Song Sparrow,Trustees of Reservations’ Moose Hill Farm,true,https://sharonfoc.org/wp-content/uploads/2020/06/Song-sparrow-5-31-20.jpg,false,,
56827,Red clover,Moose Hill Farm (TTOR),true,https://sharonfoc.org/wp-content/uploads/2020/06/Red-clover-6-2-20-1230p-scaled.jpg,false,,
56760,Wild Violet,Moose Hill Farm (TTOR),true,https://sharonfoc.org/wp-content/uploads/2020/06/Wild-violets-Viola-odorata-5-31-20-258p-2-scaled.jpg,false,,
64778,American Robin,Moose Hill area,true,https://sharonfoc.org/wp-content/uploads/ninja-forms/10/P5310271.jpg,false,,
64692,Chalk-fronted corporal dragonfly (male),Moose Hill area,true,https://sharonfoc.org/wp-content/uploads/ninja-forms/10/P5310254.jpg,false,,
64754,Dot-tailed Whiteface dragonfly (female),Moose Hill area,true,https://sharonfoc.org/wp-content/uploads/ninja-forms/10/P5310265.jpg,false,,
56778,Tiger Swallowtail butterfly,In our yard (Gavins Pond Road),true,https://sharonfoc.org/wp-content/uploads/2020/06/Tiger-swallowtail-5-31-20-153p-scaled.jpg,false,,
64883,Pink Lady’s Slipper orchid,Moose Hill area,true,https://sharonfoc.org/wp-content/uploads/ninja-forms/10/P5310235.jpg,false,,
56434,Oyster Mushroom,near Gavins Pond,true,https://sharonfoc.org/wp-content/uploads/2020/06/Oyster-mushroom-Pleurotus-ostreatus-5-30-20-909p.jpg,false,,
56767,Indian Cucumber Root,Moose Hill Farm (TTOR),true,https://sharonfoc.org/wp-content/uploads/2020/06/Indian-cucumber-root-Medeola-virginiana-5-30-20-442p-scaled.jpg,false,,
56430,Bald-faced Hornet,Moose Hill Farm (TTOR),true,https://sharonfoc.org/wp-content/uploads/2020/06/Bald-faced-hornet-Dolichovespula-maculata-5-30-20-428p.jpg,false,,
56684,Golden Ragwort,Moose Hill Farm,true,https://sharonfoc.org/wp-content/uploads/2020/06/Golden-ragwort-Senecio-aureus-5-30-20-352p-scaled.jpg,false,,
56678,Blue-eyed grass,Moose Hill Farm (TTOR),true,https://sharonfoc.org/wp-content/uploads/2020/06/Blue-eyed-grass-Sisyrinchium-angustifolium-5-30-20-307p-scaled.jpg,false,,
58101,Indigo Bunting,Moose Hill Farm (TTOR),true,https://sharonfoc.org/wp-content/uploads/2020/06/Indigo-bunting-female-5-30-20-240p.jpg,false,,
56674,Black Swallowtail butterfly,Moose Hill Farm (The Trustees of Reservations),true,https://sharonfoc.org/wp-content/uploads/2020/06/Black-swallowtail-5-31-20-310p.jpg,false,,
58096,Mouse-ear chickweed,Moose Hill Farm (TTOR),true,https://sharonfoc.org/wp-content/uploads/2020/06/Mouse-ear-chickweed-Cerastium-fontanum-5-30-20-2pm-1-scaled.jpg,false,,
56646,Red-eyed Vireo,Moose Hill Farm (TTOR),true,https://sharonfoc.org/wp-content/uploads/2020/06/Red-eyed-vireo-5-30-20-135p.jpg,false,,
56714,Canada Mayflower,Beaver Brook near tennis courts,true,https://sharonfoc.org/wp-content/uploads/2020/06/Canada-mayflower-6-2-20-137pm-scaled.jpg,false,,
56710,Pink Lady’s Slipper orchid,in the woods near the footbridge over Beaver Brook,true,https://sharonfoc.org/wp-content/uploads/2020/06/Pink-ladys-slipper-5-27-30-512p-scaled.jpg,false,,
56722,Starflower,near footbridge over Beaver Brook,true,https://sharonfoc.org/wp-content/uploads/2020/06/Starflower-5-27-20-513p-scaled.jpg,false,,
65070,Red-bellied woodpecker,Moose Hill area,true,https://sharonfoc.org/wp-content/uploads/ninja-forms/10/P5210184.jpg,false,,
54148,Bobolink,Moose Hill Farm (formerly the Kendall Estate),true,https://sharonfoc.org/wp-content/uploads/2020/05/Bobolink-5-21-20-930-a.m..jpg,false,,
54141,Indigo Bunting,Moose Hill Farm (TTOR),true,https://sharonfoc.org/wp-content/uploads/2020/05/Indigo-bunting-5-21-20-920am.jpg,false,,
51931,Wild Turkey,Bayberry Drive,true,https://sharonfoc.org/wp-content/uploads/ninja-forms/10/BlueRed-502-scaled.jpg,false,,
54136,Yellow-washed metarranthis moth,under high tension wires across the street from Ward’s Berry Farm,true,https://sharonfoc.org/wp-content/uploads/2020/05/Metarranthis-obfirmaria-–-Yellow-washed-Metarranthis-Moth-5-20-20-515p.jpg,false,,
53929,Eastern Pine Elfin,under high tension wires across the street from Ward’s Berry Farm,true,https://sharonfoc.org/wp-content/uploads/2020/05/Eastern-pine-elfin-5-20-20-509p.jpg,false,,
53858,Red-tailed Hawk,high tension lines opposite Ward’s Berry Farm,true,https://sharonfoc.org/wp-content/uploads/2020/05/Red-tailed-hawk-redwing-blackbird-5-20-20-427p.jpg,false,,
56553,Yellow Warbler,wetlands under high tension lines across the street from Ward’s Berry Farm,true,https://sharonfoc.org/wp-content/uploads/2020/06/Yellow-warbler-5-20-20-237pm.jpg,false,,
53932,Baltimore Oriole,under the high tension lines across the street from the Gavins Pond soccer fields,true,https://sharonfoc.org/wp-content/uploads/2020/05/Baltimore-oriole.jpg,false,,
53806,Eastern Tailed Blue butterfly,field near Gavins Pond Dam,true,https://sharonfoc.org/wp-content/uploads/2020/05/Eastern-tailed-blue-5-19-20-1109a.jpg,false,,
53833,Pearl Crescent butterfly,under high tension lines near Gavins Pond,true,https://sharonfoc.org/wp-content/uploads/2020/05/Pearl-crescent-butterfly-5-19-20-1020a.jpg,false,,
53936,Yellow Birch Tree,near Gavins Pond,true,https://sharonfoc.org/wp-content/uploads/2020/05/Yellow-birch-leaves-5-19-20-1020am-scaled.jpg,false,,
53801,Eastern kingbird,field near Gavins Pond dam,true,https://sharonfoc.org/wp-content/uploads/2020/05/Eastern-kingbird-5-19-20-955a.m..jpg,false,,
54079,Bird’s Foot Violet,near Gavins Pond,true,https://sharonfoc.org/wp-content/uploads/2020/05/Birds-foot-violet-5-19-20-922am-1-scaled.jpg,false,,
53489,Reindeer lichen,under high tension lines across the street from the Gavins Pond soccer fields,true,https://sharonfoc.org/wp-content/uploads/2020/05/Reindeer-moss-5-18-20-1020a-scaled.jpg,false,,
53463,Lance-leaved Violet,under high tension lines across the street from the Gavins Pond soccer fields,true,https://sharonfoc.org/wp-content/uploads/2020/05/Lance-leaved-violet-Viola-lanceolata.jpg,false,,
53459,Blue Ground-cedar,sandy high ground under high tension lines across the street from the Gavins Pond soccer fields,true,https://sharonfoc.org/wp-content/uploads/2020/05/blue-ground-cedar-Diphasiastrum-tristachyum-1.jpg,false,,
53425,Prairie Warbler,under the power lines across the street from the Gavins Pond soccer fields,true,https://sharonfoc.org/wp-content/uploads/2020/05/Prairie-warbler-5-18-20-1025a.jpg,false,,
64690,Rose-breasted Grosbeak,Moose Hill area,true,https://sharonfoc.org/wp-content/uploads/ninja-forms/10/P5180136.jpg,false,,
53430,Red-winged blackbird,wetlands under high tension wires across the road from the Gavins Pond soccer fields,true,https://sharonfoc.org/wp-content/uploads/2020/05/Red-winged-blackbird-female-5-18-20-813a.jpg,false,,
53152,Sarsaparilla,woods near Gavins Pond,true,https://sharonfoc.org/wp-content/uploads/2020/05/sarsaparilla-Aralia-nudicaulis-3-scaled.jpg,false,,
53155,American redstart,wooded trail near Gavins Pond,true,https://sharonfoc.org/wp-content/uploads/2020/05/Redstart.jpg,false,,
52831,Baltimore Oriole (female),parking area at Gavins Pond soccer fields,true,https://sharonfoc.org/wp-content/uploads/2020/05/Baltimore-oriole-female-5-16-20-735a.jpg,false,,
52805,Blue-winged warbler,near the soccer field parking lot at Gavins Pond,true,https://sharonfoc.org/wp-content/uploads/2020/05/Blue-winged-warbler-5-16-20-720am.jpg,false,,
64688,Eastern Towhee (female),Moose Hill area,true,https://sharonfoc.org/wp-content/uploads/ninja-forms/10/P5160126.jpg,false,,
52797,Olive-sided flycatcher,near Gavins Pond,true,https://sharonfoc.org/wp-content/uploads/2020/05/Olive-sided-flycatcher-5-16-20-645am.jpg,false,,
52397,Ground Ivy (a.k.a. “Gill-over-the-ground”),near Pond Street rotary by Lake Massapoag,true,https://sharonfoc.org/wp-content/uploads/2020/05/Ground-ivy-Glechoma-hederacea-1-scaled.jpg,false,,
52424,American Goldfinch (male),Flume house near the Lake Massapoag boat ramp,true,https://sharonfoc.org/wp-content/uploads/2020/05/Goldfinch-5-15-20-3-935a.jpg,false,,
52429,Mourning Dove,parking area by Lake Massapoag boat ramp,true,https://sharonfoc.org/wp-content/uploads/2020/05/Mourning-dove-5-15-20-934a-scaled.jpg,false,,
52432,Northern Flicker,Conservation land near Lakeview & Morse Sts.,true,https://sharonfoc.org/wp-content/uploads/2020/05/Northern-flicker-5-15-20-919a.jpg,false,,
52435,Great crested flycatcher,conservation land near Lakeview & Morse Sts.,true,https://sharonfoc.org/wp-content/uploads/2020/05/Great-crested-flycatcher-5-15-20-845a.jpg,false,,
52439,Yellow-throated vireo,conservation land near Lakeview & Morse Sts.,true,https://sharonfoc.org/wp-content/uploads/2020/05/Yellow-throated-vireo-5-15-20.jpg,false,,
52473,White-breasted nuthatch,conservation land near Lakeview & Morse Sts.,true,https://sharonfoc.org/wp-content/uploads/2020/05/White-breasted-nuthatch-5-15-20-751a-in-flight.jpg,false,,
52467,Barred Owl,conservation land near Lakeview & Morse,true,https://sharonfoc.org/wp-content/uploads/2020/05/Barred-owl-5-15-20-746a.jpg,false,,
52470,Cedar Waxwing,near Gavins Pond soccer parking area,true,https://sharonfoc.org/wp-content/uploads/2020/05/Cedar-waxwing-5-15-20-648a.jpg,false,,
64686,Red-winged blackbird (female),Moose Hill area,true,https://sharonfoc.org/wp-content/uploads/ninja-forms/10/P5120093.jpg,false,,
65068,Gray Catbird,Moose Hill area,true,https://sharonfoc.org/wp-content/uploads/ninja-forms/10/P5120081.jpg,false,,
64684,Baltimore Oriole,Moose Hill area,true,https://sharonfoc.org/wp-content/uploads/ninja-forms/10/P5120045.jpg,false,,
51970,Oak gall,in a small oak tree in the field across the street from the Gavins Pond soccer fields,true,https://sharonfoc.org/wp-content/uploads/2020/05/oak-gall-5-11-20-1104am-1-scaled.jpg,false,,
51936,Red-tailed Hawk,near high-tension lines across the street from the Gavins Pond soccer fields,true,https://sharonfoc.org/wp-content/uploads/2020/05/red-tailed-hawk-5-11-20-1054am.jpg,false,,
51933,Prairie Warbler,under the power lines across the street from the Gavins Pond soccer fields,true,https://sharonfoc.org/wp-content/uploads/2020/05/Prairie-warbler-5-11-20-1050am.jpg,false,,
51939,Common Yellowthroat,near Billings Brook wetlands under the high tension lines across the street from Gavins Pond soccer fields,true,https://sharonfoc.org/wp-content/uploads/2020/06/Common-yellowthroat-5-13-20-825am-1.jpg,false,,
51974,Pink earth lichen,near Gavins Pond,true,https://sharonfoc.org/wp-content/uploads/2020/05/pink-earth-lichen-5-11-20-938am-scaled.jpg,false,,
51966,Eastern Bluebird,field near Gavins Pond dam,true,https://sharonfoc.org/wp-content/uploads/2020/05/bluebird-feeding-its-mate.jpg,false,,
51963,Blue Jay,woods beyond Gavins Pond dam,true,https://sharonfoc.org/wp-content/uploads/2020/05/Blue-jay-1.jpg,false,,
64785,White-breasted nuthatch,Moose Hill area,true,https://sharonfoc.org/wp-content/uploads/ninja-forms/10/P5100021.jpg,false,,
64658,Downy Woodpecker,Moose Hill area,true,https://sharonfoc.org/wp-content/uploads/ninja-forms/10/P5100001.jpg,false,,
64682,Brown-headed Cowbird,Moose Hill area,true,https://sharonfoc.org/wp-content/uploads/ninja-forms/10/P5100009.jpg,false,,
51018,Blue-headed Vireo,Conservation land at Lakeview & Morse Streets,true,https://sharonfoc.org/wp-content/uploads/2020/05/Blue-headed-vireo-hanging-5-7-20-950am.jpg,false,,
51584,Wood Anemone,Moose Hill Farm (TTOR),true,https://sharonfoc.org/wp-content/uploads/2020/05/wood-anemone-5-6-20-scaled.jpg,false,,
55392,Garter Snake,near Briggs Pond,true,https://sharonfoc.org/wp-content/uploads/2020/05/Garter-snake-Koval-Briggs-Pond-5-3-20.jpg,false,,
50301,Painted Turtle,Gavins Pond,true,https://sharonfoc.org/wp-content/uploads/2020/05/Turtle-conclave-5-3-20-1046am.jpg,false,,
50184,Blue Jay,woods near Gavins Pond,true,https://sharonfoc.org/wp-content/uploads/2020/05/Blue-Jay3.jpg,false,,
50171,Black-and-white warbler,woods near Gavins Pond,true,https://sharonfoc.org/wp-content/uploads/2020/05/Black-and-white-warbler-1.jpg,false,,
50143,Palm Warbler,pine woods by Gavins Pond,true,https://sharonfoc.org/wp-content/uploads/2020/05/Palm-Warbler-1.jpg,false,,
50176,Yellow-rumped warbler,woods near Gavins Pond,true,https://sharonfoc.org/wp-content/uploads/2020/05/Yellow-rumped-warbler6.jpg,false,,
50267,Crabapple tree,near Gavins Pond,true,https://sharonfoc.org/wp-content/uploads/2020/05/Crabapple-tree-5-3-20-935am-1-scaled.jpg,false,,
50271,Snapping Turtle,Near Billings Brook downstream of Gavins Pond dam,true,https://sharonfoc.org/wp-content/uploads/2020/05/Snapping-turtle-tail-scaled.jpg,false,,
50218,Pine Warbler,4 Gavins Pond Road (my back yard),true,https://sharonfoc.org/wp-content/uploads/2020/05/Pine-warbler-5-2-20-100pm.jpg,false,,
50243,Tufted Titmouse,4 Gavins Pond Road (in my back yard),true,https://sharonfoc.org/wp-content/uploads/2020/05/Tufted-titmouse-5-2-20-1250pm-scaled.jpg,false,,
54708,Milk Snake,against the retaining wall in my garden at 24 Pine St.,true,https://sharonfoc.org/wp-content/uploads/2020/05/Milk-snake-Marcia-Tranavitch-5-2-20-noon.jpg,false,,
50215,House Finch,Ward’s Berry Farm,true,https://sharonfoc.org/wp-content/uploads/2020/05/House-Finch-5-2-20-745am.jpg,false,,
50211,Yellow Warbler,near wetlands downstream of Gavins Pond dam,true,https://sharonfoc.org/wp-content/uploads/2020/05/Yellow-warbler3-5-2-20-615am.jpg,false,,
51579,White-tailed Deer,Moose Hill Farm (TTOR),true,https://sharonfoc.org/wp-content/uploads/2020/05/white-tailed-deer-4-29-20-755am-2-scaled.jpg,false,,
48724,Carolina Wren,Conservation land at Lakeview St. & Morse St.,true,https://sharonfoc.org/wp-content/uploads/2020/04/Carolina-wren-4-25-20-3.jpg,false,,
51575,Eastern Bluebird,Moose Hill Farm (TTOR),true,https://sharonfoc.org/wp-content/uploads/2020/05/Bluebird-HX5-2.jpg,false,,
51547,Turkey Vulture,conservation land near Lakeview & Morse,true,https://sharonfoc.org/wp-content/uploads/2020/05/turkey-vulture-4-20-20-910am.jpg,false,,
47864,Brook trout,undisclosed location in Sharon,true,https://sharonfoc.org/wp-content/uploads/ninja-forms/10/102A2939-4537-442D-89D0-54F069554ED7.jpeg,false,,
51551,Eastern Bluebird,conservation land near Morse & Lakeview,true,https://sharonfoc.org/wp-content/uploads/2020/05/Bluebird-4-17-20-2pm.jpg,false,,
51245,Old Man’s Beard lichen,conservation land at Lakeview & Morse,true,https://sharonfoc.org/wp-content/uploads/2020/05/epiphytic-lichen-Usnea-strigosa-4-16-20-143pm-3.jpg,false,,
48585,Gray Fox,15 Briggs Pond Way,true,https://sharonfoc.org/wp-content/uploads/2020/04/gray-fox-–-by-Leslie-Koval.jpg,false,,
48612,Northern Flicker,Conservation land near Sandy Ridge Circle,true,https://sharonfoc.org/wp-content/uploads/2020/04/Northern-Flicker-4-15-20.jpg,false,,
48616,Downy Woodpecker,Conservation land near Sandy Ridge Circle,true,https://sharonfoc.org/wp-content/uploads/2020/04/Downy-Woodpecker-41520.jpg,false,,
48588,Tufted Titmouse,Conservation land near Sandy Ridge Circle,true,https://sharonfoc.org/wp-content/uploads/2020/04/Tufted-titmouse-2020.jpg,false,,
199089,American Woodcock,580 Mountain St.,true,https://sharonfoc.org/wp-content/uploads/2024/04/American-woodcock-Mandell-3-9-20.jpg,false,,
44407,Hooded merganser,Car Shop Pond,true,https://sharonfoc.org/wp-content/uploads/ninja-forms/10/MM-Hooded-Merganser-92-scaled.jpg,false,,
39808,Bufflehead,Lake Massapoag (near Harding St. & Beach St.),true,https://sharonfoc.org/wp-content/uploads/ninja-forms/10/Bufflehead-Ducks-58.jpg,false,,
39810,Mute Swan,"Lake Massapoag (south end, off Beach St.)",false,,false,,
199724,Sugar Maple Tree,"Moose Hill, Billings Loop",true,https://sharonfoc.org/wp-content/uploads/2025/04/George-Martha-2-25-20-530pm-1-scaled.jpeg,false,,
38935,Pileated Woodpecker,Moose Hill Audubon Wildlife Sanctuary,true,https://sharonfoc.org/wp-content/uploads/2020/02/Pileated-woodpecker-whole-bird.jpg,false,,
38960,Tufted Titmouse,Moose Hill Audbon Wildlife Sanctuary,true,https://sharonfoc.org/wp-content/uploads/2020/02/Tufted-titmouse-1.jpg,false,,
39813,Black-capped Chickadee,Moose Hill Audubon Wildlife Sanctuary,true,https://sharonfoc.org/wp-content/uploads/2020/03/Chickadee-scaled.jpg,false,,
54617,Black racer,on top of Pierce’s Hill on the Warner Trail (which is also the Bay Circuit Trail at this point),true,https://sharonfoc.org/wp-content/uploads/2020/05/Black-racer-by-Marcia-Tranavitch-1-11-20.jpg,false,,
113270,Eastern Coyote,76 Edge Hill Rd.,true,https://sharonfoc.org/wp-content/uploads/ninja-forms/10/Eastern-Coyote.JPG,false,,
59666,White Wood Aster,Near Beaver Brook,true,https://sharonfoc.org/wp-content/uploads/2020/06/White-wood-aster-10-6-19-206p-scaled.jpg,false,,
70582,Northeastern Sawyer Beetle,Gavins Pond Road,true,https://sharonfoc.org/wp-content/uploads/2020/08/Northeastern-Pine-Sawyer-Beetle-Monochamus-notatus-scaled.jpg,false,,
19788,Cockroach Wasp,"Borderland State Park, Northwest Trail",false,,false,,
19682,Cockroach Wasp,"Borderland State Park, Northwest Trail",true,https://sharonfoc.org/wp-content/uploads/2019/11/Cockroach-wasp.jpg,false,,
59640,Fall Field Cricket,my back yard (Gavins Pond Road),true,https://sharonfoc.org/wp-content/uploads/2020/06/Fall-field-cricket-Gryllus-pennsylvanicus-8-26-19-128p.jpg,false,,
55248,White Perch,Lake Massapoag,true,https://sharonfoc.org/wp-content/uploads/ninja-forms/10/IMG_1103.jpg,false,,
59549,Yellow Patches Mushroom,near footbridge over Beaver Brook,true,https://sharonfoc.org/wp-content/uploads/2020/06/Yellow-patches-mushroom-7-13-19-1130a-scaled.jpg,false,,
59542,Painted Lady butterfly,Trustees of Reservations’ Moose Hill Farm,true,https://sharonfoc.org/wp-content/uploads/2020/06/Painted-Lady-7-1-19-452p-scaled.jpg,false,,
59514,Nessus Sphinx Moth,Trustees of Reservations’ Moose Hill Farm,true,https://sharonfoc.org/wp-content/uploads/2020/06/Nessus-Sphinx-Moth-7-1-19-440p-scaled.jpg,false,,
8896,Mock Orange,282 Mountain Street,true,https://sharonfoc.org/wp-content/uploads/2019/08/Mock-orange-Mt-St-6-23-19-345pm.jpg,false,,
8884,Eastern Bluebird,282 Mountain Street (back yard),true,https://sharonfoc.org/wp-content/uploads/2019/08/Bluebird-on-Mt.-St.-6-23-19-330pm.jpg,false,,
8893,Downy Rattlesnake Plantain Orchid,Rattlesnake Hill,true,https://sharonfoc.org/wp-content/uploads/2019/08/Downy-rattlesnake-plantain-Goodyera-pubescens-6-23-19-215pm.jpg,false,,
8890,Rasberry Slime Mold,Billings Loop Botanical Trail,true,https://sharonfoc.org/wp-content/uploads/2019/08/Slime-mold-rasberry.jpg,false,,
8887,Dog Vomit Slime Mold,Billings Loop Botanical Trail,true,https://sharonfoc.org/wp-content/uploads/2019/08/Slime-mold-6-23-19-1230pm.jpg,false,,
8902,Enchanter’s Nightshade,Billings Loop Botanical Trail,true,https://sharonfoc.org/wp-content/uploads/2019/08/Enchanters-Nightshade-Circaea-quadrisulcata-6-23-19-noon.jpg,false,,
8872,Witch’s Butter Fungus,Botanical Trail,true,https://sharonfoc.org/wp-content/uploads/2019/07/Tremella-mesenterica.jpg,false,,
8908,Indian Pipe,Billings Loop Botanical Trail,true,https://sharonfoc.org/wp-content/uploads/2019/08/Indian-Pipe-6-23-19-1045am.jpg,false,,
8905,American Hornbeam,Billings Loop Botanical Trail,true,https://sharonfoc.org/wp-content/uploads/2019/08/American-Hornbeam-Carpinus-caroliniana-6-23-19-1045-am.jpg,false,,
8852,Fragile Forktail Damselfly,Gavins Pond Dam,true,https://sharonfoc.org/wp-content/uploads/2019/06/Fragile-Forktail-damselfly-6-9-19-456pm.jpg,false,,
8839,Three-leaved Rattlesnake Root,trail near Brook Road,true,https://sharonfoc.org/wp-content/uploads/2019/06/rattlesnake-root-Nabalus-trifoliolatus-6-9-19-405pm.jpg,false,,
8804,Crown-tipped Coral Fungus,on a log beside a trail near Brook Road,true,https://sharonfoc.org/wp-content/uploads/2019/06/Crown-tipped-Coral-Fungus-Artomyces-pyxidatus-6-9-19-220pm.jpg,false,,
8787,Bald Eagle,Lake Massapoag,true,https://sharonfoc.org/wp-content/uploads/2019/06/Bale-Eagle-Lake-Massapoag.jpg,false,,
8766,Yellow warbler,in the wetlands beneath the power lines across the street from Ward’s Berry Farm,true,https://sharonfoc.org/wp-content/uploads/2019/06/Yellow-warbler-6-2-19-435pm-1.jpg,false,,
8769,Song Sparrow,in the wetlands beneath the power lines across the street from Ward’s Berry Farm,true,https://sharonfoc.org/wp-content/uploads/2019/06/Song-sparrow-6-2-19-346pm.jpg,false,,
8792,Deer-tongue Grass,Along the dirt road under the power lines on the other side of South Main Street from Ward’s Berry Farm,true,https://sharonfoc.org/wp-content/uploads/2019/06/Deer-tongue-grass-6-2-19-315pm.jpg,false,,
8752,Chalk-fronted Corporal dragonfly (juvenile),beneath the high tension wires that parallel So. Walpole Street,true,https://sharonfoc.org/wp-content/uploads/2019/06/Chalk-fronted-corporal-6-2-19-310pm.jpg,false,,
8775,Field Sparrow,Rocky bluff under power lines near So. Walpole Street,true,https://sharonfoc.org/wp-content/uploads/2019/06/Field-sparrow-6-2-19-241pm.jpg,false,,
8778,Black Swallowtail butterfly,rocky bluff under power lines along S. Walpole St.,true,https://sharonfoc.org/wp-content/uploads/2019/06/Black-swallowtail-6-2-19-214pm-.jpg,false,,
8762,Indigo Bunting,beneath the power lines that parallel S. Walpole St.,true,https://sharonfoc.org/wp-content/uploads/2019/06/Indigo-bunting-female-6-2-19-224pm.jpg,false,,
8772,Prairie Warbler,on the bluff beneath the power lines that parallel So. Walpole St.,true,https://sharonfoc.org/wp-content/uploads/2019/06/Prairie-warbler-6-2-19-120pm.jpg,false,,
8759,Mourning Dove,beneath the high tension wires that parallel So. Walpole St.,true,https://sharonfoc.org/wp-content/uploads/2019/06/Mourning-dove-6-2-19-110pm.jpg,false,,
8755,Six-spotted tiger beetle,beneath the power lines that parallel So. Walpole St.,true,https://sharonfoc.org/wp-content/uploads/2019/06/Six-spotted-tiger-beetle-6-2-19-233pm-1.jpg,false,,
8592,Flower Fly,Conservation land near Morse & Lakeview Streets.,true,https://sharonfoc.org/wp-content/uploads/2019/05/Flower-Fly-or-Hover-Fly.jpg,false,,
8542,Eastern Towhee (male),Under high tension wires across the street from Ward’s Berry Farm,true,https://sharonfoc.org/wp-content/uploads/2019/05/Eastern-Towhee-5-27-19-2.jpg,false,,
8547,American Lady butterfly,under the high tension wires across the street from Ward’s Berry Farm,true,https://sharonfoc.org/wp-content/uploads/2019/05/American-Lady-5-27-19-520pm.jpg,false,,
8597,Great Crested flycatcher,Rocky bluff under power lines near So. Walpole St.,true,https://sharonfoc.org/wp-content/uploads/2019/05/Great-crested-flycatcher-6.jpg,false,,
8584,Field Sparrow,Rocky bluff under power lines near So. Walpole Street,true,https://sharonfoc.org/wp-content/uploads/2019/05/Field-Sparrow2-1.jpg,false,,
8551,Painted Skimmer dragonfly,on a bluff under high tension wires near S. Walpole St.,true,https://sharonfoc.org/wp-content/uploads/2019/05/Painted-Skimmer-5-27-19-456pm.jpg,false,,
8556,Bird’s Foot Violet,Power lines near Walpole St.,true,https://sharonfoc.org/wp-content/uploads/2019/05/Birds-foot-violet-leaves.jpg,false,,
8692,Wool Sower Gall Wasp,Beneath the high tension lines near So. Walpole St.,true,https://sharonfoc.org/wp-content/uploads/2019/05/wool-sower-gall-5-27-19-427pm.jpg,false,,
8701,Black Huckleberry,Beneath high tension wires near So. Walpole St.,true,https://sharonfoc.org/wp-content/uploads/2019/05/black-huckleberry-Gaylussacia-baccata-5-27-19-422pm.jpg,false,,
8534,Orchard Orbweaver spider,Conservation land near Morse & Lakeview,true,https://sharonfoc.org/wp-content/uploads/2019/05/Leucauge-venusta-Tetragnathidae-5-27-19-220pm.jpg,false,,
8578,Yellow Birch Tree,Conservation land near Morse & Lakeview,true,https://sharonfoc.org/wp-content/uploads/2019/05/Yellow-birch-base.jpg,false,,
8529,North American Millipede,boardwalk through Conservation land near Morse & Lakeview,true,https://sharonfoc.org/wp-content/uploads/2019/05/Millipede-5-27-19-2pm.jpg,false,,
8525,Pine Warbler,Conservation land near Morse & Lakeview,true,https://sharonfoc.org/wp-content/uploads/2019/05/Pine-Warbler-5-27-19-154pm.jpg,false,,
8509,Scarlet Tanager,Conservation land near Morse & Lakeview,true,https://sharonfoc.org/wp-content/uploads/2019/05/Scarlet-tanager-5-27-19-110pm.jpg,false,,
8571,Snipe Fly,Conservation land near Morse & Lakeview,true,https://sharonfoc.org/wp-content/uploads/2019/05/Snipe-fly-Rhagio-mystaceus.jpg,false,,
8506,Common Ringlet butterfly,Conservation land near Morse & Lakeview,true,https://sharonfoc.org/wp-content/uploads/2019/05/Common-Ringlet-butterfly-5-27-19-1245pm.jpg,false,,
8516,Swainson’s Thrush,Conservation land near Morse & Lakeview,true,https://sharonfoc.org/wp-content/uploads/2019/05/Swainsons-Thrush-5-27-19-118pm.jpg,false,,
8473,Baltimore Oriole,Moose Hill Farm (formerly the Kendall Estate),true,https://sharonfoc.org/wp-content/uploads/2019/05/Baltimore-Oriole1.jpg,false,,
8478,Wild geranium,Moose Hill Farm (formerly the Kendall Estate),true,https://sharonfoc.org/wp-content/uploads/2019/05/Wild-Geranium-5-26-19-240pm.jpg,false,,
8496,Autumn Olive,Moose Hill Farm (TTOR),true,https://sharonfoc.org/wp-content/uploads/2019/05/Autumn-Olive-5-26-19.jpg,false,,
8460,Bobolink,Moose Hill Farm (formerly the Kendall Estate),true,https://sharonfoc.org/wp-content/uploads/2019/05/Two-boblinks.jpg,false,,
8468,Common Yellowthroat,Moose Hill Farm (formerly the Kendall Estate),true,https://sharonfoc.org/wp-content/uploads/2019/05/Common-Yellowthroat3.jpg,false,,
8500,American Lady butterfly,Moose Hill Farm (formerly the Kendall Estate),true,https://sharonfoc.org/wp-content/uploads/2019/05/American-Painted-Lady-Vanessa-virginiensis.jpg,false,,
8455,Black Swallowtail butterfly,Moose Hill Farm (The Trustees of Reservations),true,https://sharonfoc.org/wp-content/uploads/2019/05/Black-Swallowtail1.jpg,false,,
8491,Ground Ivy (a.k.a. “Gill-over-the-ground”),Moose Hill Farm (TTOR),true,https://sharonfoc.org/wp-content/uploads/2019/05/Ground-Ivy-blossom.jpg,false,,
8427,Tan Jumping Spider,4 Gavins Pond Road (kitchen window),true,https://sharonfoc.org/wp-content/uploads/2019/05/tan-jumping-spider-Platycryptus-undatus-4.jpg,false,,
8521,American Woodcock,580 Mountain St.,true,https://sharonfoc.org/wp-content/uploads/2019/05/Woodcock-by-Mandell.jpg,false,,
8424,Painted Skimmer dragonfly,4 Gavins Pond Road,true,https://sharonfoc.org/wp-content/uploads/2019/05/Painted-Skimmer-Libellula-semifasciata.jpg,false,,
8412,Creeping Myrtle,Moose Hill Audubon Wildlife Sanctuary,true,https://sharonfoc.org/wp-content/uploads/2019/05/Myrtle.jpg,false,,
8283,Gray Fox,Furnace Street,false,,false,,
8396,Pignut Hickory Tree,Billings Loop Botanical Trail,true,https://sharonfoc.org/wp-content/uploads/2019/05/Pignut-Hickory.jpg,false,,
8400,American Witchhazel,Billings Loop Botanical Trail,true,https://sharonfoc.org/wp-content/uploads/2019/05/Witch-Hazel-3.jpg,false,,
8280,American Beech Tree,Billings Loop Botanical Trail,true,https://sharonfoc.org/wp-content/uploads/2019/05/Beech-tree.jpg,false,,
8415,Red Admiral butterfly,Billings Loop Botanical Trail,true,https://sharonfoc.org/wp-content/uploads/2019/05/Red-Admiral-butterfly-Vanessa-atalanta.jpg,false,,
8393,Amber Snail,Billings Loop Botanical Trail,true,https://sharonfoc.org/wp-content/uploads/2019/05/Ambersnail-family-Succineidae-1.jpg,false,,
8390,Starflower,Billings Loop Botanical Trail,true,https://sharonfoc.org/wp-content/uploads/2019/05/Starflower-Lysimachia-borealis-5-19-19-235pm.jpg,false,,
8382,Harlequin Darner dragonfly,Moose Hill Audubon Wildlife Sanctuary,true,https://sharonfoc.org/wp-content/uploads/2019/05/Harlequin-darner-dragonfly-5-19-19-1-8am.jpg,false,,
8378,Eastern Towhee (male),Moose Hill Audubon Wildlife Sanctuary,true,https://sharonfoc.org/wp-content/uploads/2019/05/Eastern-Towhee-5-19-19-745am.jpg,false,,
8373,Northern Flicker,Moose Hill Audubon Wildlife Sanctuary,true,https://sharonfoc.org/wp-content/uploads/2019/05/Northern-Flicker-5-19-19-737am.jpg,false,,
8277,American Goldfinch (male),Moose Hill Audubon Wildlife Sanctuary,true,https://sharonfoc.org/wp-content/uploads/2019/05/goldfinch-male-5-19-19-655am.jpg,false,,
8367,Turkey-tail Fungus,Moose Hill Audubon Wildlife Sanctuary,true,https://sharonfoc.org/wp-content/uploads/2019/05/Turkey-tail-lichen-5-13-19-1110am2.jpg,false,,
8353,Hairy Woodpecker,Moose Hill Audubon Wildlife Sanctuary,true,https://sharonfoc.org/wp-content/uploads/2019/05/Hairy-Woodpecker-5-13-19-945am.jpg,false,,
8364,Eastern Bluebird,Moose Hill Audubon Wildlife Sanctuary,true,https://sharonfoc.org/wp-content/uploads/2019/05/Bluebird-13-May-2019-11am.jpg,false,,
8358,Ovenbird,Moose Hill Audubon Wildlife Sanctuary,true,https://sharonfoc.org/wp-content/uploads/2019/05/Ovenbird-5-13-19-959am.jpg,false,,
8348,Wild Turkey,Moose Hill Audubon Wildlife Sanctuary,true,https://sharonfoc.org/wp-content/uploads/2019/05/Wild-turkeys-5-13-19-9am-1.jpg,false,,
8342,Magnolia Warbler,Moose Hill Audubon Wildlife Sanctuary,true,https://sharonfoc.org/wp-content/uploads/2019/05/Magnolia-warbler-5-13-19-834am.jpg,false,,
8333,Black-throated Blue Warbler,Moose Hill Audubon Wildlife Sanctuary,true,https://sharonfoc.org/wp-content/uploads/2019/05/Black-throated-blue-warbler-3.jpg,false,,
8329,Mourning Dove,Moose Hill Audubon Wildlife Sanctuary,true,https://sharonfoc.org/wp-content/uploads/2019/05/Mourning-doves-5-13-19-730am.jpg,false,,
8320,Baltimore Oriole (female),Moose Hill Audubon Wildlife Sanctuary,true,https://sharonfoc.org/wp-content/uploads/2019/05/Baltimore-oriole-female-hanging-1.jpg,false,,
8297,Yellow-rumped Warbler,Moose Hill Audubon Wildlife Sanctuary,true,https://sharonfoc.org/wp-content/uploads/2019/05/Yellow-rumped-warbler-5-11-19-745am.jpg,false,,
8317,Spring Azure butterfly,Moose Hill Audubon Wildlife Sanctuary,true,https://sharonfoc.org/wp-content/uploads/2019/05/Spring-Azure-5-11-19-11am.jpg,false,,
8312,House Wren,Moose Hill Audubon Wildlife Sanctuary,true,https://sharonfoc.org/wp-content/uploads/2019/05/House-wren-5-11-19-1054am.jpg,false,,
8309,Black-and-white Warbler,Moose Hill Audubon Wildlife Sanctuary,true,https://sharonfoc.org/wp-content/uploads/2019/05/Black-and-White-warbler-5-11-19-1030am.jpg,false,,
8303,Black-throated Blue Warbler,Moose Hill Audubon Wildlife Sanctuary,true,https://sharonfoc.org/wp-content/uploads/2019/05/Black-throated-blue-warbler-5-11-19-944am.jpg,false,,
8300,Magnolia Warbler,Moose Hill Audubon Wildlife Sanctuary,true,https://sharonfoc.org/wp-content/uploads/2019/05/Magnolia-warbler-5-11-19-815am.jpg,false,,
8287,Pileated Woodpecker,Moose Hill Audubon Wildlife Sanctuary,true,https://sharonfoc.org/wp-content/uploads/2019/05/Pileated-woodpecker-5-11-19-804am.jpg,false,,
8294,Eastern Towhee (male),Moose Hill Audubon Wildlife Sanctuary,true,https://sharonfoc.org/wp-content/uploads/2019/05/Towhee-5-11-19-730am-Moose-Hill.jpg,false,,
8248,Scarlet tanager (orange variant),Moose Hill Audubon Wildlife Sanctuary,true,https://sharonfoc.org/wp-content/uploads/2019/05/scarlet-tanager-orange-singing-5-9-19-7am.jpg,false,,
8191,Ovenbird,Moose Hill Audubon Wildlife Sanctuary,true,https://sharonfoc.org/wp-content/uploads/2019/05/ovenbird-5-8-19.jpg,false,,
8225,Scarlet Tanager,Moose Hill Audubon Wildlife Sanctuary,true,https://sharonfoc.org/wp-content/uploads/2019/05/cowbird-male-female-5-9-19-8am.jpg,false,,
8202,Red-bellied woodpecker,Moose Hill Audubon Wildlife Sanctuary,true,https://sharonfoc.org/wp-content/uploads/2019/05/red-bellied-woodpeckers-5-8-19-1023-am.jpg,false,,
8221,Eastern Bluebird,Moose Hill Audubon Wildlife Sanctuary,true,https://sharonfoc.org/wp-content/uploads/2019/05/Eastern-bluebird-5-8-19-940am-1.jpg,false,,
8198,Blue-gray gnatcatcher,Moose Hill Audubon Wildlife Sanctuary,true,https://sharonfoc.org/wp-content/uploads/2019/05/Blue-gray-gnatcatcher-5-8-19-920am.jpg,false,,
8239,Eastern Chipmunk,Moose Hill Audubon Wildlife Sanctuary,true,https://sharonfoc.org/wp-content/uploads/2019/05/Chipmunk-head-5-8-19-850am-1.jpg,false,,
8643,Tussock Sedge,Moose Hill Audubon Wildlife Sanctuary (wetland boardwalk),true,https://sharonfoc.org/wp-content/uploads/2019/05/Tussock-sedge-Carex-stricta-5-8-19-815am.jpg,false,,
8195,Magnolia Warbler,Moose Hill Audubon Wildlife Sanctuary,true,https://sharonfoc.org/wp-content/uploads/2019/05/Magnolia-warbler-5-8-19-755am.jpg,false,,
8245,Red Squirrel,Moose Hill Audubon Wildlife Sanctuary,true,https://sharonfoc.org/wp-content/uploads/2019/05/Red-squirrel-5-8-19-748am.jpg,false,,
8187,Blue-headed Vireo,Moose Hill Audubon Wildlife Sanctuary,true,https://sharonfoc.org/wp-content/uploads/2019/05/blue-headed-vireo-5-7-19-828am-1.jpg,false,,
8216,Wild Violet,Moose Hill Audubon Wildlife Sanctuary,true,https://sharonfoc.org/wp-content/uploads/2019/05/wild-violet-Viola-odorata-5-7-19-8am.jpg,false,,
8235,White-tailed Deer,Moose Hill Audubon Wildlife Sanctuary,true,https://sharonfoc.org/wp-content/uploads/2019/05/White-tailed-deer-5-7-19-755am.jpg,false,,
8213,Double-crested Cormorant,Moose Hill Audubon Wildlife Sanctuary,true,https://sharonfoc.org/wp-content/uploads/2019/05/Double-crested-cormorants-5-7-19-742am.jpg,false,,
8210,Narrow-leaved Spring Beauty,Sharon,true,https://sharonfoc.org/wp-content/uploads/2023/04/Spring-Beauty-5-7-19-1026-am-scaled.jpeg,false,,
8176,Pileated Woodpecker,Moose Hill Audubon Wildlife Sanctuary,true,https://sharonfoc.org/wp-content/uploads/2019/05/pileated-woodpecker-5-7-19-7am.jpg,false,,
8232,Common Mullein,Moose Hill Audubon Wildlife Sanctuary,true,https://sharonfoc.org/wp-content/uploads/2019/05/Common-mullein-Verbascum-thapsus-4-16-19-2pm.jpg,false,,
8229,Skunk Cabbage,Moose Hill Audubon Wildlife Sanctuary,true,https://sharonfoc.org/wp-content/uploads/2019/05/skunk-cabbage-4-16-19-150pm.jpg,false,,
8704,Rock-shield Lichen,Moose Hill Audubon Wildlife Sanctuary,true,https://sharonfoc.org/wp-content/uploads/2019/05/Rock-shield-lichen-Xanthoparmelia-sp.-4-16-19-1255pm-2-1.jpg,false,,
8442,Wood Frog,Moose Hill Street near TTOR’s Moose Hill Farm,true,https://sharonfoc.org/wp-content/uploads/2019/05/Wood-frog-by-Kramer.jpg,false,,
8434,Yellow Spotted Salamander,Moose Hill Street near Kendall Estate,true,https://sharonfoc.org/wp-content/uploads/2019/05/Yellow-spotted-salamander-by-Kramer.jpg,false,,
8065,Red-tailed Hawk,Junction of E. Foxboro St. & Harding St.,true,https://sharonfoc.org/wp-content/uploads/ninja-forms/10/Hawk-4small-1-e1554605253969.jpg,false,,
8067,Red-shouldered Hawk,west side of Lake Massapoag near the Atlantic White Cedar Swamp,true,https://sharonfoc.org/wp-content/uploads/2019/04/Red-shouldered-hawk-Kramer-1.jpg,false,,
7955,White Pine,Conservation trail near the lake (dog park trail),false,,false,,
8259,Pine Siskin,Moose Hill Audubon Wildlife Sanctuary (near feeders),true,https://sharonfoc.org/wp-content/uploads/ninja-forms/10/69B31015-93BA-4B36-94EF-25E24F902D90.jpeg,false,,
7921,Red-breasted Nuthatch,"on trail in woods, near Sharon dog park",true,https://sharonfoc.org/wp-content/uploads/ninja-forms/6/C07256AA-78AF-4148-A614-5FCDD0D25482.jpeg,false,,
8666,Bald-faced Hornet,280 Mountain Street,true,https://sharonfoc.org/wp-content/uploads/2019/05/Bald-faced-hornet-nest.jpg,false,,
8017,Bald Eagle,Lake Massapoag,false,,false,,
8419,Red Crossbill,Moose Hill Audubon Wildlife Sanctuary,true,https://sharonfoc.org/wp-content/uploads/2019/05/Red-crossbill.jpg,false,,
7919,Mute Swan,Lake Massapoag,true,https://sharonfoc.org/wp-content/uploads/ninja-forms/6/5766AEEB-89C3-498B-A437-D474B4E98C6C.jpeg,false,,
7917,Belted Kingfisher,"in a tree at the edge of Lake Massapoag, near Beach St.",true,https://sharonfoc.org/wp-content/uploads/ninja-forms/6/31219AA9-4C2E-469A-AABF-63E3C10F5BDE-e1556807024958.jpeg,false,,
7887,"Evergreen Fern, or Christmas Fern","Off Mountain Street, off Bay Rd.",true,https://sharonfoc.org/wp-content/uploads/ninja-forms/6/IMG_20181031_113257348.jpg,false,,
7881,Rock Tripe lichen,Mountain Street,true,https://sharonfoc.org/wp-content/uploads/ninja-forms/6/IMG_20181030_144028925.jpg,false,,
7846,Bald Eagle,302 Mansfield Street,false,,false,,
7857,Milk Snake,Beaver Brook Trail,true,https://sharonfoc.org/wp-content/uploads/ninja-forms/6/IMG_20181017_154631455.jpg,false,,
59510,Brown Marmorated Stink Bug (4th instar),Borderland State Park,true,https://sharonfoc.org/wp-content/uploads/2020/06/Brown-Marmorated-Stink-Bug-nymph-4th-instar-scaled.jpg,false,,
59506,Locust borer beetle,Borderland State Park,true,https://sharonfoc.org/wp-content/uploads/2020/06/Megacyllene-robiniae-scaled.jpg,false,,
59481,White-faced Meadowhawk dragonfly (male),Moose Hill Audubon Wildlife Sanctuary,true,https://sharonfoc.org/wp-content/uploads/2020/06/White-faced-Meadowhawk-8-15-18-115p.jpg,false,,
59442,Joe Pye Weed,Moose Hill Audubon Wildlife Sanctuary,true,https://sharonfoc.org/wp-content/uploads/2020/06/Joe-Pye-Weed-monarch-8-15-18-1248p-scaled.jpg,false,,
59472,Amanita mushroom,Moose Hill Audubon Wildlife Sanctuary,true,https://sharonfoc.org/wp-content/uploads/2020/06/Amanita-sp.-mushroom-scaled.jpg,false,,
7814,Spotted Turtle,Gavins Pond Road,true,https://sharonfoc.org/wp-content/uploads/2018/07/Spotted-turtle-GP-Rd.-7-17-18-9-30-am-4.jpg,true,42.091836111111114,-71.21910833333334
7799,Great Spangled Fritillary,Moose Hill Farm (TTOR),true,https://sharonfoc.org/wp-content/uploads/2018/07/Great-Spangled-Fritillary1.jpg,false,,
7769,Butternut (White Walnut),Moose Hill Farm (TTOR),true,https://sharonfoc.org/wp-content/uploads/2018/07/Butternut3.jpg,false,,
7764,Tall Meadow Rue,Moose Hill Farm (TTOR),true,https://sharonfoc.org/wp-content/uploads/2018/07/Tall-meadow-rue.jpg,false,,
7805,Baltimore Checkerspot butterfly,Moose Hill Farm (TTOR),true,https://sharonfoc.org/wp-content/uploads/2018/07/Baltimore-Checkerspot-3.jpg,false,,
7755,Thick-headed Fly,Moose Hill Farm (TTOR),true,https://sharonfoc.org/wp-content/uploads/2018/07/Thick-headed-Fly-Physocephala-tibialis.jpg,false,,
7786,Weevil Wasp,Moose Hill Farm (TTOR),true,https://sharonfoc.org/wp-content/uploads/2018/07/Weevil-wasp-Cerceris.jpg,false,,
7779,Wild Onion or Crow Garlic,Moose Hill Farm (TTOR),true,https://sharonfoc.org/wp-content/uploads/2018/07/Wild-Onion-1.jpg,false,,
8678,Reed Canary Grass,Moose Hill Farm (TTOR),false,,false,,
7810,Twelve-spotted Skimmer dragonfly (female),Moose Hill Farm (TTOR),true,https://sharonfoc.org/wp-content/uploads/2018/07/Twelve-spotted-skimmer-1.jpg,false,,
7796,Black Swallowtail butterfly,Moose Hill Farm (The Trustees of Reservations),true,https://sharonfoc.org/wp-content/uploads/2018/07/Black-swallowtail-1.jpg,false,,
7741,Common Grackle,near Lake Massapoag,true,https://sharonfoc.org/wp-content/uploads/ninja-forms/6/Grackle-01.jpg,false,,
7726,Indigo Bunting,"Moose Hill Farm, Old Farm Trail",true,https://sharonfoc.org/wp-content/uploads/ninja-forms/6/CC00405E-141B-4612-9389-CD454B859BF5.jpeg,false,,
7638,Worm-eating Warbler,Moose Hill Audubon Wildlife Sanctuary,true,https://sharonfoc.org/wp-content/uploads/2018/05/Worm-eating-warbler3-5-25-18-1.jpg,false,,
7582,Indigo Bunting,"Moose Hill Farm, Powerline Trail",true,https://sharonfoc.org/wp-content/uploads/ninja-forms/6/49C6ABB8-6975-45A8-B8F4-5D67741D3471.jpeg,false,,
7478,Magnolia Warbler,Moose Hill Audubon Wildlife Sanctuary,true,https://sharonfoc.org/wp-content/uploads/2018/05/Magnolia-Warbler1-1.jpg,false,,
7485,Eastern Wood-Pewee,Moose Hill Audubon Wildlife Sanctuary,true,https://sharonfoc.org/wp-content/uploads/2018/05/Wood-Pewee-5-24-18.jpg,false,,
7488,Bay-breasted Warbler,Moose Hill Audubon Wildlife Sanctuary,true,https://sharonfoc.org/wp-content/uploads/2018/05/Bay-breasted-warbler-5-24-18.jpg,false,,
7722,Scarlet Tanager (male),"Billings Loop, Moose Hill Audubon Wildlife Sanctuary",true,https://sharonfoc.org/wp-content/uploads/2018/06/Scarlet-tanager-Deb-Radovsky.jpg,false,,
7264,Brown Creeper,Moose Hill Audubon Wildlife Sanctuary (Billings Loop),true,https://sharonfoc.org/wp-content/uploads/ninja-forms/6/C672032A-6536-444A-8465-81469D91C287.jpeg,false,,
7449,Yellow Warbler,Moose Hill Farm (TTOR),true,https://sharonfoc.org/wp-content/uploads/2018/05/Yellow-warbler3.jpg,false,,
7348,Bracken Fern,Moose Hill Farm (TTOR),true,https://sharonfoc.org/wp-content/uploads/2018/05/Bracken-Fern-Pteridium-aquilinum.jpg,false,,
7339,Poison Ivy,Moose Hill Farm (TTOR),true,https://sharonfoc.org/wp-content/uploads/2018/05/Poison-Ivy-Toxicodendron-radicans-2.jpg,false,,
7789,Wild geranium,Moose Hill Audubon Wildlife Sanctuary,true,https://sharonfoc.org/wp-content/uploads/2018/07/Wild-geranium-Geranium-maculatum-1.jpg,false,,
7793,Dandelion,Moose Hill Audubon Wildlife Sanctuary,true,https://sharonfoc.org/wp-content/uploads/2018/07/Dandelion-Taraxacum-spp..jpg,false,,
7373,Autumn Olive,Moose Hill Farm (TTOR),true,https://sharonfoc.org/wp-content/uploads/2018/05/Autumn-Olive2-Elaeagnus-umbellata.jpg,false,,
7332,Common Buttercup,Moose Hill Farm (TTOR),true,https://sharonfoc.org/wp-content/uploads/2018/05/Buttercup-Ranunculus-acris.jpg,false,,
7329,Flower Fly,Moose Hill Farm (TTOR),true,https://sharonfoc.org/wp-content/uploads/2018/05/Flower-fly-Helophilus-fasciatus.jpg,false,,
7360,Ground Ivy (a.k.a. “Gill-over-the-ground”),Moose Hill Farm (TTOR),true,https://sharonfoc.org/wp-content/uploads/2018/05/Ground-Ivy3-1.jpg,false,,
7774,Rattlesnake Root,Moose Hill Audubon Wildlife Sanctuary,true,https://sharonfoc.org/wp-content/uploads/2018/07/rattlesnake-root3.jpg,false,,
7355,Sensitive Fern,Moose Hill Audubon Wildlife Sanctuary (Billings loop),true,https://sharonfoc.org/wp-content/uploads/2018/05/Sensitive-Fern-1.jpg,false,,
7351,Hay-scented Fern,Moose Hill Audubon Wildlife Sanctuary (Billings loop),true,https://sharonfoc.org/wp-content/uploads/2018/05/Hay-scented-fern2.jpg,false,,
7318,Starflower,Town conservation land near Beaver Brook,true,https://sharonfoc.org/wp-content/uploads/2018/05/Starflower2.jpg,false,,
7278,Prairie Warbler,"Moose Hill Farm (TTOR), Powerline Trail",true,https://sharonfoc.org/wp-content/uploads/ninja-forms/6/1819A925-187F-4040-B37E-7980473EC61E.jpeg,false,,
7263,Atlantic White Cedar tree,banks of Beaver Brook (upstream of the tennis courts),true,https://sharonfoc.org/wp-content/uploads/2018/05/Atlantic-White-Cedar2-5-22-18-2.jpg,false,,
7254,Pink Lady’s Slipper orchid,Moose Hill Audubon Wildlife Sanctuary,true,https://sharonfoc.org/wp-content/uploads/2018/05/Pink-Ladys-Slipper-5-22-18.jpg,false,,
7388,Honeysuckle,Town-owned conservation land near Sandy Ridge Circle,true,https://sharonfoc.org/wp-content/uploads/2018/05/Japanese-Honeysuckle-Lonicera-japonica-1.jpg,false,,
7283,Carolina Silverbell tree,Moose Hill Audubon Wildlife Sanctuary,true,https://sharonfoc.org/wp-content/uploads/2018/05/Carolina-silerbell4-1.jpg,false,,
7397,American Beech tree,Town-owned conservation land near Sandy Ridge Circle,true,https://sharonfoc.org/wp-content/uploads/2018/05/American-Beech.jpg,false,,
7241,Veery,woods near Beaver Brook,true,https://sharonfoc.org/wp-content/uploads/2018/05/Veery3-5-22-18-1.jpg,false,,
7322,Cinnamon Fern,Town conservation land near Beaver Brook,true,https://sharonfoc.org/wp-content/uploads/2018/05/Cinnamon-fern6-1.jpg,false,,
7248,Indigo Bunting,under the powerlines near Moose Hill Farm (TTOR),true,https://sharonfoc.org/wp-content/uploads/2018/05/Indigo-bunting3-5-22-18.jpg,false,,
7297,Canada Warbler,Moose Hill Audubon Wildlife Sanctuary,true,https://sharonfoc.org/wp-content/uploads/2018/05/Canada-warbler2.jpg,false,,
7286,Rose-breated Grosbeak,Moose Hill Audubon Wildlife Sanctuary,true,https://sharonfoc.org/wp-content/uploads/ninja-forms/6/EA7018E0-964A-4041-AD85-BA3D3F6C5C87.jpeg,false,,
7215,Wild Turkey,Bayberry Drive,true,https://sharonfoc.org/wp-content/uploads/ninja-forms/6/Oriole.jpg,false,,
7724,Black-and-white Warbler,Moose Hill Audubon Wildlife Sanctuary (boardwalk),true,https://sharonfoc.org/wp-content/uploads/ninja-forms/6/DE1532D9-7DF2-4D74-B490-19CAED761ADB.jpeg,false,,
7719,Veery,"Moose Hill, Billings Loop",true,https://sharonfoc.org/wp-content/uploads/ninja-forms/6/A57A2EE4-0841-4BCF-AA4B-33F3ED1440A3.jpeg,false,,
7154,Siberian Squill,Moose Hill Audubon Wildlife Sanctuary,true,https://sharonfoc.org/wp-content/uploads/2018/05/Siberian-squill-Scilla-siberica.jpg,false,,
7097,Bloodroot,Moose Hill Audubon Wildlife Sanctuary,true,https://sharonfoc.org/wp-content/uploads/2018/05/bloodroot-blossom-opening-up.jpg,false,,
6972,Blue-winged Warbler,under power lines at Moose Hill,true,https://sharonfoc.org/wp-content/uploads/2018/05/Blue-winged-Warbler-50818_6-Jason-Platt.jpg,false,,
6965,Phoebe,Moose Hill Audubon Wildlife Sanctuary,false,,false,,
6899,Eastern Towhee (female),Moose Hill Audubon Wildlife Sanctuary,true,https://sharonfoc.org/wp-content/uploads/2018/05/Eastern-Towhee-female-50818_1-Jason-Platt.jpg,false,,
7271,Field Sparrow,"Moose Hill Farm (TTOR), Powerline Trail",false,,false,,
7284,Spotted Sandpiper,Lake Massapoag,true,https://sharonfoc.org/wp-content/uploads/ninja-forms/6/A4ED9B49-4DE8-43E5-A63F-4A1858EAF1E6.jpeg,false,,
6982,Great crested flycatcher,meadow at Lakeview & Morse (see photo below),true,https://sharonfoc.org/wp-content/uploads/2018/05/Great-Crested-Flycatcher-3.jpg,false,,
7110,Yellow warbler,meadow at Morse and Lakeview,true,https://sharonfoc.org/wp-content/uploads/2018/05/Yellow-warbler-5-11-18-1-1.jpg,false,,
7105,Northern Waterthrush,meadow at Morse and Lakeview,true,https://sharonfoc.org/wp-content/uploads/2018/05/Northern-Waterthrush-5-11-18.jpg,false,,
7066,Common Yellowthroat,Moose Hill Audubon Wildlife Sanctuary,true,https://sharonfoc.org/wp-content/uploads/2018/05/Common-Yellowthroat-5-11-18-3.jpg,false,,
6939,Veery,Moose Hill Audubon Wildlife Sanctuary,true,https://sharonfoc.org/wp-content/uploads/2018/05/Veery-50818_7-Jason-Platt.jpg,false,,
6967,Prairie Warbler,under power lines at Moose Hill,true,https://sharonfoc.org/wp-content/uploads/2018/05/Praire-Warbler-50818_12-Jason-Platt.jpg,false,,
6866,Ovenbird,Moose Hill Audubon Wildlife Sanctuary,true,https://sharonfoc.org/wp-content/uploads/2018/05/Ovenbird-50818_2-Jason-Platt.jpg,false,,
7006,House Wren,Moose Hill Audubon Wildlife Sanctuary,true,https://sharonfoc.org/wp-content/uploads/2018/05/House-Wren-50818_8-Jason-Platt-1.jpg,false,,
6006,Black racer,Moose Hill Audubon Wildlife Sanctuary,true,https://sharonfoc.org/wp-content/uploads/2018/05/Black-racer-4-2.jpg,false,,
6884,Red-breasted Nuthatch,Moose Hill Audubon Wildlife Sanctuary,true,https://sharonfoc.org/wp-content/uploads/2018/05/Red-breasted-nuthatch.jpg,false,,
5699,Common Raven,Moose Hill Audubon Wildlife Sanctuary,true,https://sharonfoc.org/wp-content/uploads/2018/05/Raven.jpg,false,,
7237,Wild Turkey,"Moose Hill, Kettle Trail",true,https://sharonfoc.org/wp-content/uploads/ninja-forms/6/C8F7DCE1-386E-44E3-AFEC-D5B7EDE0CA8F.jpeg,false,,
7074,House Finch,Moose Hill Wildlife Sanctuary,true,https://sharonfoc.org/wp-content/uploads/2018/05/House-finch-male-5-5-18.jpg,false,,
5683,Common Blue Violet,Moose Hill Audubon Wildlife Sanctuary,true,https://sharonfoc.org/wp-content/uploads/2018/05/Common-Blue-Violet-Viola-sororia-1-3.jpg,false,,
6749,Blue Jay,Moose Hill Audubon Wildlife Sanctuary,true,https://sharonfoc.org/wp-content/uploads/2018/05/Blue-Jay-5-5-18-1.jpg,false,,
6093,Northern Cardinal,Moose Hill Audubon Wildlife Sanctuary,true,https://sharonfoc.org/wp-content/uploads/2018/05/Cardinal-female-1.jpg,false,,
7078,Downy Woodpecker,Moose Hill Audubon Wildlife Sanctuary,true,https://sharonfoc.org/wp-content/uploads/2018/05/Downy-Woodpecker-5-5-18-1.jpg,false,,
7084,Scarlet Tanager (male & female),Moose Hill Audubon Wildlife Sanctuary,true,https://sharonfoc.org/wp-content/uploads/2018/05/scarlet-tanager-male-5-3-18.jpg,false,,
7090,Black and White Warbler,Moose Hill Audubon Wildlife Sanctuary,true,https://sharonfoc.org/wp-content/uploads/2018/05/black-and-white-warbler-5-3-18-3.jpg,false,,
7239,Eastern Bluebird,Moose Hill Audubon Wildlife Sanctuary (Wood Thrush Trail),true,https://sharonfoc.org/wp-content/uploads/ninja-forms/6/D43AC0FC-4650-4E98-943F-9337B97D087F.jpeg,false,,
7584,White-tailed Deer,"Moose Hill Audubon, Billings Loop",true,https://sharonfoc.org/wp-content/uploads/2018/05/White-tailed-Deer-D.-Radovsky.jpg,false,,
5259,Northern Waterthrush,Moose Hill Audubon Wildlife Sanctuary,true,https://sharonfoc.org/wp-content/uploads/ninja-forms/6/Northern-waterthrush.jpg,false,,
5257,Tufted Titmouse,Moose Hill Audbon Wildlife Sanctuary,true,https://sharonfoc.org/wp-content/uploads/2018/05/Tufted-titmouse-4.jpg,false,,
5255,Eastern Bluebird,Moose Hill Wildlife Sanctuary,true,https://sharonfoc.org/wp-content/uploads/ninja-forms/6/male-bluebird-with-spider.jpg,false,,
5253,Wild Turkey,Moose Hill Audubon,true,https://sharonfoc.org/wp-content/uploads/ninja-forms/6/wild-turkey-displaying.jpg,false,,
5274,Pileated Woodpecker,Moose Hill Audubon Wildlife Sanctuary,true,https://sharonfoc.org/wp-content/uploads/2018/05/Pileated-woodpecker-peeling-bark.jpg,false,,
7592,Eastern Towhee,"Moose Hill Audubon Wildlife Sanctuary, Billings Loop",true,https://sharonfoc.org/wp-content/uploads/ninja-forms/6/7BDD4C55-CBF0-4928-A53F-4624C91263CE.jpeg,false,,
5207,white-throated sparrow,"4 Gavins Pond Road, Sharon",true,https://sharonfoc.org/wp-content/uploads/ninja-forms/6/white-throated-sparrow-1.jpg,false,,
7580,Red-shouldered Hawk,Cottage and Ames Streets,true,https://sharonfoc.org/wp-content/uploads/ninja-forms/6/0BDCBE6B-1D1A-4C08-8F27-60F0D1369F5E.jpeg,false,,
7972,Fisher,302 Mansfield Street,false,,false,,
7578,Canvasback duck,Lake Massapoag,true,https://sharonfoc.org/wp-content/uploads/ninja-forms/6/EF53EAF8-F37A-45B6-8AEB-0C9B2395A065.jpeg,false,,
7568,Common Merganser,Lake Massapoag,true,https://sharonfoc.org/wp-content/uploads/ninja-forms/6/C0FF9B1D-CC8B-4DDE-B0BE-D20B605E0AAF.jpeg,false,,
7576,Lesser Scaup,Lake Massapoag,true,https://sharonfoc.org/wp-content/uploads/ninja-forms/6/6AA47153-FA24-4C5C-8B9A-35BE5ED2B3BA.jpeg,false,,
7574,Double-crested Cormorants,Lake Massapoag,true,https://sharonfoc.org/wp-content/uploads/ninja-forms/6/1498151F-618E-4FA4-9E1D-F837FD9EF2D2.jpeg,false,,
5123,Eastern Bluebird,"Fence of horse corral, Willow St, Foxboro",false,,false,,
5121,Eastern Buck Moth,"Transmission line path between Bird Road, Mansfield Street and Willow Street in Foxboro",false,,false,,
8070,Eastern Box Turtle,along Gavins Pond Rd.,true,https://sharonfoc.org/wp-content/uploads/2019/04/Box-Turtle-4-9-3-17-at-6-45-1.jpg,false,,
8079,White-faced Meadowhawk dragonfly,4 Gavins Pond Road,true,https://sharonfoc.org/wp-content/uploads/2019/04/White-faced-meadowhawk-dragonfly-8-4-17-2pm.jpg,false,,
8097,Spicebush Swallowtail butterfly,4 Gavins Pond Rd. (back yard),true,https://sharonfoc.org/wp-content/uploads/2019/04/Spicebush-swallowtail-8-4-17-145pm.jpg,false,,
5022,Red Chanterelle mushroom (a.k.a. Cinnabar Chanterelle mushroom),"Rattlesnake Hill, Sharon",true,https://sharonfoc.org/wp-content/uploads/2017/08/orange-mushrooms.jpg,false,,
5053,Tiger Swallowtail butterfly,In our yard (Furnace Street) on a spicebush shrub,true,https://sharonfoc.org/wp-content/uploads/ninja-forms/6/butterfly-ES.jpg,true,42.09106416666667,-71.20699747222223
7951,Sugar Maple Tree,"Moose Hill, Billings Loop",false,,false,,
92905,Rainbow trout,Lake Massapoag,true,https://sharonfoc.org/wp-content/uploads/ninja-forms/10/Rainbow-Trout-2017-e1603655949552.jpg,false,,
4947,Snow Flea,my back yard,false,,false,,
5030,Raccoon,Mountain Street,true,https://sharonfoc.org/wp-content/uploads/ninja-forms/6/Racoon.jpg,false,,
4723,Katydid,Mountain Street,true,https://sharonfoc.org/wp-content/uploads/2016/08/img_0039.jpg,false,,
4700,Tiger Swallowtail butterfly,Furnace Street,true,https://sharonfoc.org/wp-content/uploads/ninja-forms/easternswallowtigettail-e1470072699584.jpg,false,,
8053,Snapping Turtle,Outflow pool below Gavins Pond dam,true,https://sharonfoc.org/wp-content/uploads/2019/04/Snapping-turtle-22-Jul-2016-6-15pm.jpg,false,,
5027,Crayfish,Upland Road,true,https://sharonfoc.org/wp-content/uploads/ninja-forms/crayfish.jpg,true,42.12723611111111,-71.19244444444445
8060,Red-eyed Vireo,Moose Hill Audubon Wildlife Sanctuary,true,https://sharonfoc.org/wp-content/uploads/2019/04/Red-eyed-vireo-5-Jul-2016-1035am.jpg,false,,
8100,Catalpa tree,Maskwonicut Street near Beaver Brook,true,https://sharonfoc.org/wp-content/uploads/2019/04/Catalpa-6-25-16.jpg,false,,
8104,Indigo Bunting,Moose Hill Street under high tension wires,true,https://sharonfoc.org/wp-content/uploads/2019/04/Indigo-bunting-25-Jun-2016-1255pm.jpg,false,,
4726,Raccoon,580 Mountain Street (Back Deck),true,https://sharonfoc.org/wp-content/uploads/2016/08/hunt0110-1.jpg,false,,
7205,Indigo Bunting,"Moose Hill Farm, Trustees of Reservations",true,https://sharonfoc.org/wp-content/uploads/2018/05/Indigo-Bunting-1.jpg,false,,
7202,House Wren,"4 Gavins Pond Rd., backyard garden",true,https://sharonfoc.org/wp-content/uploads/2018/05/House-wren-6-13-16-at-1-05.jpg,false,,
4660,Wood Duck,Moose Hill area,true,https://sharonfoc.org/wp-content/uploads/ninja-forms/wdduckling-reduced.jpg,false,,
7035,Song Sparrow,near Lake Massapoag boat ramp,true,https://sharonfoc.org/wp-content/uploads/2018/05/Song-Sparrow-5-23-16-4.jpg,false,,
7026,Scarlet Tanager,Moose Hill Audubon Wildlife Sanctuary,true,https://sharonfoc.org/wp-content/uploads/2018/05/Scarlet-tanager-5-23-16-3-1.jpg,false,,
7049,Ovenbird,Moose Hill Audubon Wildlife Center,true,https://sharonfoc.org/wp-content/uploads/2018/05/Ovenbird-5-23-16.jpg,false,,
7052,American Goldfinch,Moose Hill Audubon Wildlife Sanctuary,true,https://sharonfoc.org/wp-content/uploads/2018/05/Goldfinch-5-23-16.jpg,false,,
6890,Rose-breasted Grosbeak,Moose Hill Audubon Wildlife Sanctuary,true,https://sharonfoc.org/wp-content/uploads/2018/05/Rose-breasted-grosbeak-5-23-16-1.jpg,false,,
7009,Eastern Wood-Pewee,Moose Hill Audubon Wildlife Sanctuary,true,https://sharonfoc.org/wp-content/uploads/2018/05/Wood-Pewee-5-23-16-1-1.jpg,false,,
7055,Yellow-billed Cuckoo,Moose Hill Audubon Wildlife Sanctuary,true,https://sharonfoc.org/wp-content/uploads/2018/05/Yellow-billed-cuckoo-5-23-16.jpg,false,,
7571,Northern Flicker,"Paul Revere Rd., Sharon",true,https://sharonfoc.org/wp-content/uploads/ninja-forms/6/6E7261FD-0B3D-43DC-A7E9-315BB75771C1.jpeg,false,,
7058,Wild geranium,"Kendall Estate, Moose Hill Street",true,https://sharonfoc.org/wp-content/uploads/2018/05/Wild-geranium-5-21-16.jpg,false,,
7061,Ruby-throated Hummingbird,Moose Hill Farm (The Trustees of Reservations),true,https://sharonfoc.org/wp-content/uploads/2018/05/Hummingbird-female-5-21-16.jpg,false,,
5038,Cedar Waxwing,Moose Hill area,true,https://sharonfoc.org/wp-content/uploads/ninja-forms/6/IMG_8265.JPG,false,,
5036,Tree Swallow,Moose Hill area,true,https://sharonfoc.org/wp-content/uploads/ninja-forms/6/IMG_8264.JPG,false,,
7119,Eastern chipmunk,Moose Hill Audubon Wildlife Sanctuary,true,https://sharonfoc.org/wp-content/uploads/2018/05/Chipmunk-at-Moose-Hill-5-14-16.jpg,false,,
4629,Northern Waterthrush,Moose Hill Audubon Wildlife Sanctuary,true,https://sharonfoc.org/wp-content/uploads/2016/05/Northern-waterthrush.jpg,false,,
7135,Baltimore Oriole,Moose Hill Audubon Wildlife Sanctuary,true,https://sharonfoc.org/wp-content/uploads/2018/05/Oriole-on-nest-5-12-16.jpg,false,,
4622,Ovenbird,Moose Hill Audubon Wildlife Center,true,https://sharonfoc.org/wp-content/uploads/2016/05/Ovenbird8-1.jpg,false,,
4633,Rose-breasted Grosbeak,Moose Hill Audubon Wildlife Center,true,https://sharonfoc.org/wp-content/uploads/2016/05/rose-breasted-grosbeak-2.jpg,false,,
4642,Blue-gray gnatcatcher,Moose Hill Audubon Wildlife Center,true,https://sharonfoc.org/wp-content/uploads/2016/05/blue-gray-gnatcatcher2.jpg,false,,
4637,Wilson’s warbler,Moose Hill Audubon Wildlife Center,true,https://sharonfoc.org/wp-content/uploads/2016/05/Wilsons-warbler.jpg,false,,
8269,Barred Owl (juvenile),Moose Hill Audubon Wildlife Sanctuary,true,https://sharonfoc.org/wp-content/uploads/2019/05/barred-owl-juvenile-8-May-2016-Nancy-Mollitor.jpg,false,,
7140,Yellow-rumped Warbler,Moose Hill Audubon Wildlife Sanctuary,true,https://sharonfoc.org/wp-content/uploads/2018/05/Yellow-rumped-Warbler-4-28-16.jpg,false,,
7143,Great Horned Owl,woods near Gavins Pond,true,https://sharonfoc.org/wp-content/uploads/2018/05/Great-Horned-Owl-1.jpg,false,,
4228,Eastern Coyote,Moose Hill Parkway,false,,false,,
6754,Brown-hooded Owlet Moth caterpillar,Mansfield Street,true,https://sharonfoc.org/wp-content/uploads/2018/05/Brown-hooded-moth-caterpillar-Faith-Berkland.jpg,false,,
7653,Puffball mushroom,Lake Massapoag (near boat ramp),true,https://sharonfoc.org/wp-content/uploads/2018/05/Puffball-9-20-15.jpg,false,,
7196,Virginia Marsh-St. John’s wort,bank of Hammershop Pond at Ames and Cottage Streets.,true,https://sharonfoc.org/wp-content/uploads/2018/05/Virginia-Marsh-St.-Johns-Wort-8-23-15-2-1.jpg,false,,
7193,Northern Walkingstick,Gavins Pond area,true,https://sharonfoc.org/wp-content/uploads/2018/05/Northern-Walkingstick-8-7-15.jpg,false,,
7190,American Carrion Beetle,Gavins Pond area,true,https://sharonfoc.org/wp-content/uploads/2018/05/Carrion-beetle-8-6-15.jpg,false,,
7186,Crayfish,outflow pool below Gavins Pond Dam,true,https://sharonfoc.org/wp-content/uploads/2018/05/Crayfish-7-31-15-1.jpg,false,,
3467,Snowberry Clearwing Moth,4 Gavins Pond Road,true,https://sharonfoc.org/wp-content/uploads/2018/05/Snowberry-clearwing-1.jpg,false,,
7175,Milkweed,Gavins Pond area,true,https://sharonfoc.org/wp-content/uploads/2018/05/Milkweed-1.jpg,false,,
7179,Queen Anne’s Lace,Gavins Pond area,true,https://sharonfoc.org/wp-content/uploads/2018/05/Queen-Annes-Lace-Daucus-carota.jpg,false,,
7147,Wild Indigo,field near Gavins Pond Dam,true,https://sharonfoc.org/wp-content/uploads/2018/05/Wild-Indigo-7-22-15-2-1.jpg,false,,
7164,Spotted Knapweed,Gavins Pond area,true,https://sharonfoc.org/wp-content/uploads/2018/05/Spotted-Knapweed-with-Clouded-Sulphur.jpg,false,,
7501,Great Golden Digger Wasp,near Gavins Pond,true,https://sharonfoc.org/wp-content/uploads/2018/05/Great-Golden-Digger-Wasp-7-20-15-Sphex-ichnumoneus.jpg,false,,
7161,Robber fly (male),Gavins Pond Dam,true,https://sharonfoc.org/wp-content/uploads/2018/05/Robber-fly-Efferia-apicalis-7-18-15.jpg,false,,
7157,Great Black Wasp,soccer parking lot near Gavins Pond,true,https://sharonfoc.org/wp-content/uploads/2018/05/Great-black-wasp-7-18-15-2.jpg,false,,
7504,Rough-fruited cinquefoil,Gavins Pond,true,https://sharonfoc.org/wp-content/uploads/2018/05/Rough-fruited-cinquefoil-7-13-15.jpg,false,,
7529,Spreading Dogbane,near Gavins Pond,true,https://sharonfoc.org/wp-content/uploads/2018/05/Spreading-dogbane3-1.jpg,false,,
7507,Blue Toadflax,Gavins Pond area,true,https://sharonfoc.org/wp-content/uploads/2018/05/Blue-Toadflax-P1130686.jpg,false,,
7510,American Lady butterfly,Gavins Pond,true,https://sharonfoc.org/wp-content/uploads/2018/05/American-lady-P1130675-1-1.jpg,false,,
7526,Lesser Maple Spanworm Moth,near Gavins Pond,true,https://sharonfoc.org/wp-content/uploads/2018/05/Lesser-Maple-Spanworm-Moth-Speranza-pustularia.jpg,false,,
6978,Largemouth bass,Lake Massapoag,true,https://sharonfoc.org/wp-content/uploads/2018/05/Largemouth-bass-1.jpg,false,,
7520,American Groundnut,near Gavins Pond,true,https://sharonfoc.org/wp-content/uploads/2018/05/Groundnut-Apios-americana.jpg,false,,
7537,Striped Hairstreak butterfly,Town-owned land at Morse and Lakeview Streets,true,https://sharonfoc.org/wp-content/uploads/2018/05/Striped-hairstreak.jpg,false,,
7656,Spicebush Swallowtail butterfly,Town-owned land at Morse and Lakeview Sts.,true,https://sharonfoc.org/wp-content/uploads/2018/05/Spicebush-Swallowtail-7-3-15-1.jpg,false,,
6911,Black Swallowtail butterfly,Moose Hill Farm (The Trustees of Reservations),true,https://sharonfoc.org/wp-content/uploads/2018/05/Black-Swallowtail.jpg,false,,
61331,Deptford Pink,my back yard (Gavins Pond Road),true,https://sharonfoc.org/wp-content/uploads/2020/06/Deptford-Pink-2-6-27-15-330p-scaled.jpg,false,,
7663,Chicory,Gavins Pond Road near soccer fields,true,https://sharonfoc.org/wp-content/uploads/2018/05/Chicory-6-27-15-P1120907-3.jpg,false,,
7669,Milkweed flower,Gavins Pond area,true,https://sharonfoc.org/wp-content/uploads/2018/05/milkweed-with-hummingbird-P1120649.jpg,false,,
7624,Summer Azure butterfly,Town land near Morse and Lakeview Streets,true,https://sharonfoc.org/wp-content/uploads/2018/05/Summer-Azure2-Celestrina-neglecta-P1120844-1.jpg,false,,
7543,Banded Hairstreak butterfly,Town-owned land at Morse and Lakeview Streets,true,https://sharonfoc.org/wp-content/uploads/2018/05/Banded-Hairstreak-butterfly.jpg,false,,
7672,Yellow Hawkweed,meadow near Morse and Lakeview Streets,true,https://sharonfoc.org/wp-content/uploads/2018/05/Hawkweed2.jpg,false,,
7562,Palmate Hop Clover,Town-owned conservation land at Morse and Lakeview Streets,true,https://sharonfoc.org/wp-content/uploads/2018/05/Palmate-Hop-Clover2.jpg,false,,
7594,Spotted St. John’s Wort,Town-owned conservation land at Morse and Lakeview Streets,true,https://sharonfoc.org/wp-content/uploads/2018/05/Spotted-St.-Johns-Wort2-P1120607.jpg,false,,
3384,Lesser Maple Spanworm Moth,field at junction of Lakeview and Morse Streets,true,https://sharonfoc.org/wp-content/uploads/2015/06/P1120635.jpg,false,,
7548,Baltimore Checkerspot butterfly,Town-owned land at Morse and Lakeview Streets,true,https://sharonfoc.org/wp-content/uploads/2018/05/Baltimore-Checkerspot-Chrysalis-P1120602-1.jpg,false,,
7559,Great Spangled Fritillary,Town-owned conservation land at Morse and Lakeview Streets,true,https://sharonfoc.org/wp-content/uploads/2018/05/Great-Spangled-Fritillary2.jpg,false,,
7681,Northern Pearly-Eye butterfly,near Beaver Brook (near train station tennis courts),true,https://sharonfoc.org/wp-content/uploads/2018/05/Northern-Pearly-Eye-butterfly3-1.jpg,false,,
6710,Black-billed Cuckoo,in the trees between the back soccer field and Gavins Pond,true,https://sharonfoc.org/wp-content/uploads/2018/05/black-billed-cuckoo-6-14-15-3.jpg,false,,
61298,Cypress Spurge,conservation land at Lakeview & Morse Streets,true,https://sharonfoc.org/wp-content/uploads/2020/06/Cypress-spurge-with-checkerspot-butterfly.jpg,false,,
61326,Orange Virbia Moth,conservation land near Lakeview & Morse Streets,true,https://sharonfoc.org/wp-content/uploads/2020/06/Orange-virbia-moth-2-Virbia-aurantiaca-6-22-15-330p-scaled.jpg,false,,
7635,White Perch,Lake Massapoag,true,https://sharonfoc.org/wp-content/uploads/2018/05/White-Perch.jpg,false,,
55278,Brown trout,Massapoag Brook,true,https://sharonfoc.org/wp-content/uploads/ninja-forms/10/Small-Brown-Trout-of-Massapoag-Brook-June-6th-2015-copy-scaled.jpg,false,,
4415,Black Locust tree,near Gavins Pond,true,https://sharonfoc.org/wp-content/uploads/2016/03/Black-locust-thorns.jpg,false,,
2871,Ovenbird,woods beyond Everett Street,true,https://sharonfoc.org/wp-content/uploads/2018/05/ovenbird-5-30-15-2.jpg,false,,
4474,Pine Warbler,along Beaver Brook near the train station,true,https://sharonfoc.org/wp-content/uploads/2016/03/Pine-warbler5.jpg,false,,
4486,Prairie Warbler,near Gavins Pond,true,https://sharonfoc.org/wp-content/uploads/2016/03/Prairie-Warbler6.jpg,false,,
6961,Tennessee Warbler,Moose Hill Audubon Wildlife Sanctuary,true,https://sharonfoc.org/wp-content/uploads/2018/05/Tennessee-Warbler2-P1110731.jpg,false,,
2887,American redstart,Moose Hill Audubon Wildlife Sanctuary,true,https://sharonfoc.org/wp-content/uploads/2015/05/redstart-e1440277673471.jpg,false,,
2884,Chestnut-sided Warbler,Moose Hill Audubon Wildlife Sanctuary,true,https://sharonfoc.org/wp-content/uploads/2015/05/WILDLIFEW-Tnail-template.jpg,false,,
2860,Worm-eating Warbler,woods beyond Everett Street,true,https://sharonfoc.org/wp-content/uploads/2015/05/wormwarbler2.jpg,false,,
2854,Common Yellowthroat,Moose Hill Audubon Wildlife Sanctuary,true,https://sharonfoc.org/wp-content/uploads/2015/05/yellowthroat.jpg,false,,
6674,Veery,Moose Hill Audubon Wildlife Sanctuary,false,,false,,
2863,Cedar Waxwing,Moose Hill Audubon Wildlife Sanctuary,true,https://sharonfoc.org/wp-content/uploads/2015/05/cedarwaxwing4.jpg,false,,
2851,Blackburnian Warbler,Moose Hill Audubon Wildlife Sanctuary,true,https://sharonfoc.org/wp-content/uploads/2015/05/blackburnianwarbler.jpg,false,,
2881,Black-billed Cuckoo,Moose Hill Audubon Wildlife Sanctuary,true,https://sharonfoc.org/wp-content/uploads/2015/05/cuckoo.jpg,false,,
2848,Baltimore Oriole,Moose Hill Audubon Wildlife Sanctuary,true,https://sharonfoc.org/wp-content/uploads/2015/05/baltimoreoriole.jpg,false,,
6735,Yellow-rumped Warbler,Moose Hill Audubon Wildlife Sanctuary,false,,false,,
6722,Black-throated Green Warbler,Moose Hill Audubon Wildlife Sanctuary,true,https://sharonfoc.org/wp-content/uploads/2018/05/Black-throated-green-warbler-5-13-15-4.jpg,false,,
8167,American Goldfinch,Moose Hill Audubon Wildlife Sanctuary,true,https://sharonfoc.org/wp-content/uploads/2019/05/American-goldfinch-5-13-15-935am.jpg,false,,
2806,Mourning Cloak Butterfly,Moose Hill Audubon Wildlife Sanctuary,true,https://sharonfoc.org/wp-content/uploads/2015/05/MourningCloakButterfly1.jpg,false,,
2836,Savannah Sparrow,soccer field parking lot near Gavins Pond,true,https://sharonfoc.org/wp-content/uploads/2015/10/WST-savanna-sparrow.jpg,false,,
2834,Warbling Vireo,near Gavins Pond,true,https://sharonfoc.org/wp-content/uploads/2018/05/Warbling-vireo-5-6-15-1.jpg,false,,
2832,Eastern Towhee,field near Gavins Pond,true,https://sharonfoc.org/wp-content/uploads/2018/05/Towhee-5-11-15-at-5-40-pm.jpg,false,,
2830,Prairie Warbler,field near Gavins Pond,true,https://sharonfoc.org/wp-content/uploads/2015/05/Warbler.jpg,false,,
2828,Baltimore Oriole,tree near Gavins Pond,true,https://sharonfoc.org/wp-content/uploads/2015/05/Oriole.jpg,false,,
8170,Common Baskettail dragonfly,4 Gavins Pond Road,true,https://sharonfoc.org/wp-content/uploads/2019/05/Common-Baskettail-dragonfly-5-26-15-205pm.jpg,false,,
2826,Eastern Bluebird,field near Gavins Pond,true,https://sharonfoc.org/wp-content/uploads/2015/05/Bluebird3.jpg,false,,
2824,Field Sparrow,field near Gavins Pond,true,https://sharonfoc.org/wp-content/uploads/2015/05/FieldSparrow.jpg,false,,
2821,American Chestnut,Moose Hill Audubon Wildlife Sanctuary,true,https://sharonfoc.org/wp-content/uploads/2019/05/American-Chestnut-tree-4-19-15-236pm.jpg,false,,
2544,Little Wood Satyr butterfly,Gavins Pond area,true,https://sharonfoc.org/wp-content/uploads/2014/08/wood_satyr_butterfly.jpg,false,,
2530,Wisteria,Moose Hill Audubon Wildlife Sanctuary,true,https://sharonfoc.org/wp-content/uploads/2014/08/wisteria.jpg,false,,
2527,Willow Leaf Beetle,Gavins Pond Dam,true,https://sharonfoc.org/wp-content/uploads/2014/08/willow_leaf_beetle.jpg,false,,
2516,Widow Skimmer dragonfly,Gavins Pond Road,true,https://sharonfoc.org/wp-content/uploads/2014/08/widow_skimmer_dragonfly1.jpg,false,,
2514,Widow Skimmer dragonfly,near Gavins Pond,true,https://sharonfoc.org/wp-content/uploads/2014/08/widow_skimmer_dragonfly.jpg,false,,
2510,White Squirrel (leucistic variation of the Eastern Gray Squirrel),Moose Hill Parkway,true,https://sharonfoc.org/wp-content/uploads/2014/08/whitesquirrel.jpg,false,,
2508,White Corporal dragonfly (female),Borderland State Park,true,https://sharonfoc.org/wp-content/uploads/2014/08/white_corporal_dragonfly_female.jpg,false,,
2504,White Corporal dragonfly (female),Gavins Pond,true,https://sharonfoc.org/wp-content/uploads/2014/08/white_corporal_dragonfly1.jpg,false,,
2500,"White Baneberry, or Doll’s Eyes",Sandy Ridge Circle,true,https://sharonfoc.org/wp-content/uploads/2014/08/white_baneberry3.jpg,false,,
2498,White Baneberry (a.k.a. “Doll’s Eyes”),Margin of wetland behind Hunter’s Ridge,true,https://sharonfoc.org/wp-content/uploads/2014/08/white_baneberry.jpg,false,,
2494,White-footed mouse,4 Gavins Pond Road (back yard),true,https://sharonfoc.org/wp-content/uploads/2014/08/white-footed_mouse.jpg,false,,
2480,Water Shield,Gavins Pond,true,https://sharonfoc.org/wp-content/uploads/2014/08/water_shield2.jpg,false,,
2478,Water Lily,Gavins Pond (near the dam),true,https://sharonfoc.org/wp-content/uploads/2018/05/Water-lily-blossom.jpg,false,,
2475,Water Forget-Me-Not,bank of Beaver Brook (near tennis courts),true,https://sharonfoc.org/wp-content/uploads/2014/08/water_forget-me-not2.jpg,false,,
2471,Viscid Violet Cort mushroom,Sandy Ridge Circle,true,https://sharonfoc.org/wp-content/uploads/2014/08/viscid_violet_cort-3.jpg,false,,
2469,Virginian Tiger Moth caterpillar,near outflow pool at Gavins Pond Dam,true,https://sharonfoc.org/wp-content/uploads/2014/08/virginian_tiger_moth_caterpillar1.jpg,false,,
2461,Velvet Ant,Gavins Pond area,true,https://sharonfoc.org/wp-content/uploads/2014/08/velvet_ant2-pseudomethoca_simillima.jpg,false,,
2459,Variable Dancer damselfly,Gavins Pond Dam,true,https://sharonfoc.org/wp-content/uploads/2014/08/variable_dancer_damselfly1.jpg,false,,
2455,Two-striped Grasshopper,Gavins Pond Dam,true,https://sharonfoc.org/wp-content/uploads/2014/08/two-striped_grasshopper.jpg,false,,
2447,Turquoise Bluet damselfly,Gavins Pond Dam,true,https://sharonfoc.org/wp-content/uploads/2014/08/turquoise_bluet3.jpg,false,,
2445,Turkey Vulture,Gavins Pond,true,https://sharonfoc.org/wp-content/uploads/2014/08/turkey_vulture1.jpg,false,,
2443,Turkey Vulture,Belcher Street,true,https://sharonfoc.org/wp-content/uploads/2014/08/turkey_vulture.jpg,false,,
2430,Tree swallow,Laveview Street meadow,true,https://sharonfoc.org/wp-content/uploads/2014/08/tree_swallow2.jpg,false,,
2424,Tree Cricket,Gavins Pond Road (bridge near soccer fields),true,https://sharonfoc.org/wp-content/uploads/2014/08/tree_cricket.jpg,false,,
2420,American Toad (juvenile),near Gavins Pond,true,https://sharonfoc.org/wp-content/uploads/2019/05/Toad-shoe.jpg,false,,
2418,American Toad,Bay Circuit Trail near Gorwin Drive,true,https://sharonfoc.org/wp-content/uploads/2014/08/toad.jpg,false,,
2407,Thread-waisted wasp,near Gavins Pond,true,https://sharonfoc.org/wp-content/uploads/2014/08/thread-waisted_wasp2.jpg,false,,
2405,Tent Caterpillar,conservation land near Billings Street,true,https://sharonfoc.org/wp-content/uploads/2014/08/tent_caterpillar.jpg,false,,
8160,Mute Swan,Gavins Pond,true,https://sharonfoc.org/wp-content/uploads/2019/05/Mute-Swan-10-21-14-512pm.jpg,false,,
2402,Sweetfern,near Gavins Pond,true,https://sharonfoc.org/wp-content/uploads/2014/08/sweet_fern.jpg,false,,
2400,Sweet Pepperbush (Summersweet),Beaver Brook near tennis courts,true,https://sharonfoc.org/wp-content/uploads/2014/08/sweet_pepperbush.jpg,false,,
2398,Sweet Everlasting or Rabbit Tobacco,field near Gavins Pond,true,https://sharonfoc.org/wp-content/uploads/2014/08/sweet_everlasting.jpg,false,,
2396,Swamp azalea,Beaver Brook near tennis courts,true,https://sharonfoc.org/wp-content/uploads/2014/08/swamp_azalea.jpg,false,,
2394,Summer Fishfly,4 Gavins Pond Road,true,https://sharonfoc.org/wp-content/uploads/2014/08/summer_fishfly.jpg,false,,
2392,Sulphur Shelf Mushroom,King Phillip’s Rock area,true,https://sharonfoc.org/wp-content/uploads/2014/08/sulphur_shelf_mushroom.jpg,false,,
2384,Staghorn Sumac,Gavins Pond Road,true,https://sharonfoc.org/wp-content/uploads/2014/08/staghorn_sumac.jpg,false,,
2382,Eastern Gray Squirrel (black melanistic),Moose Hill area,true,https://sharonfoc.org/wp-content/uploads/2014/08/squirrel_black.jpg,false,,
2372,Spined Soldier Bug (nymph),Gavins Pond Dam,true,https://sharonfoc.org/wp-content/uploads/2014/08/spined_soldier_bug_nymph.jpg,false,,
2368,Spangled Skimmer dragonfly (male),Gavins Pond Dam,true,https://sharonfoc.org/wp-content/uploads/2014/08/spangled_skimmer_male.jpg,false,,
2366,Spangled skimmer dragonfly (female),dirt road leading to Gavins Pond Dam,true,https://sharonfoc.org/wp-content/uploads/2014/08/spangled_skimmer_dragonfly.jpg,false,,
2358,Snow Goose,Ward’s field near Heights Elementary School,false,,false,,
2356,Snow Bunting,Dirt road by soccer field near Gavins Pond,false,,false,,
2348,Garden Snail,"Gavins Pond Road, back yard garden",true,https://sharonfoc.org/wp-content/uploads/2014/08/snail.jpg,false,,
2346,Smeared Dagger Moth caterpillar,Gavins Pond Dam,true,https://sharonfoc.org/wp-content/uploads/2014/08/smeared_dagger_moth_caterpillar.jpg,false,,
2344,Small Cabbage White butterfly,Gavins Pond near soccer fields,true,https://sharonfoc.org/wp-content/uploads/2014/08/small_cabbage_white_butterfly2.jpg,false,,
2340,Slender Spreadwing damselfly,Moose Hill Audubon Wildlife Sanctuary,true,https://sharonfoc.org/wp-content/uploads/2014/08/slender_spreadwing.jpg,false,,
2334,Six-spotted tiger beetle,Power lines near Walpole St.,true,https://sharonfoc.org/wp-content/uploads/2014/08/six-spotted_tiger_beetle3.jpg,false,,
2332,Silver Cinquefoil,Gavins Pond Road near soccer field parking lot,true,https://sharonfoc.org/wp-content/uploads/2014/08/silver_cinquefoil.jpg,false,,
2330,Silver-Spotted Skipper butterfly,Gavins Pond area,true,https://sharonfoc.org/wp-content/uploads/2014/08/silver-spotted_skipper2.jpg,false,,
2328,Northern Short-tailed Shrew,Gavins Pond area,true,https://sharonfoc.org/wp-content/uploads/2014/08/short-tailed_shrew.jpg,false,,
2326,Sharp-shinned Hawk,Moose Hill Parkway,true,https://sharonfoc.org/wp-content/uploads/2014/08/sharp-shinned_hawk.jpg,false,,
2324,Screech Owl (fledgling),Shores of Lake Massapoag,true,https://sharonfoc.org/wp-content/uploads/2014/08/screech_owl.jpg,false,,
2316,Scarlet Bluet,Borderland State Park,true,https://sharonfoc.org/wp-content/uploads/2014/08/scarlet_bluet.jpg,false,,
2314,Saw-wing Moth,field near Gavins Pond,true,https://sharonfoc.org/wp-content/uploads/2014/08/saw-wing.jpg,false,,
2312,Sassafras,headwaters of Beaver Brook,true,https://sharonfoc.org/wp-content/uploads/2014/08/sassafras.jpg,false,,
2310,Rusty Blackbird,Moose Hill Audubon Wildlife Sanctuary,true,https://sharonfoc.org/wp-content/uploads/2014/08/rusty_blackbird.jpg,false,,
2308,Russula mushroom,Sandy Ridge Circle,true,https://sharonfoc.org/wp-content/uploads/2014/08/russula_mushroom.jpg,false,,
2298,Royal Fern,Moose Hill Audubon Wildlife Sanctuary board walk,true,https://sharonfoc.org/wp-content/uploads/2014/08/royal_fern1.jpg,false,,
2294,Ross’s Goose,Wolomolopoag Pond,true,https://sharonfoc.org/wp-content/uploads/2014/08/ross_goose2.jpg,false,,
2292,Ross’s Goose,Wolomolopoag Pond,true,https://sharonfoc.org/wp-content/uploads/2014/08/ross_goose1-4.jpg,false,,
2288,Rose-breasted Grosbeak,Moose Hill area,true,https://sharonfoc.org/wp-content/uploads/2014/08/rose-breasted_grosbeak.jpg,false,,
2286,Rugosa Rose,Gavins Pond area,true,https://sharonfoc.org/wp-content/uploads/2014/08/rosa_rugosa2.jpg,false,,
2280,River Otter,High Plain St. approx. 200 yards from intersection with Norwood St.,false,,false,,
2278,River Otter,Bay Road near Wilshire (going from Sharon to Stoughton),false,,false,,
2276,River Otter,"Shepard’s Pond, Canton",false,,false,,
2264,Red Squirrel,Moose Hill Parkway,true,https://sharonfoc.org/wp-content/uploads/2014/08/redsquirrel.jpg,false,,
2260,Red Squirrel,Moose Hill Audubon Wildlife Sanctuary,true,https://sharonfoc.org/wp-content/uploads/2014/08/red_squirrel2.jpg,false,,
2234,Red-banded Sand Wasp,Gavins Pond area,true,https://sharonfoc.org/wp-content/uploads/2014/08/red-banded_sand_wasp1.jpg,false,,
2223,Question Mark butterfly chrysalis,Gavins Pond Road (bridge near soccer fields),true,https://sharonfoc.org/wp-content/uploads/2014/08/question_mark_butterfly_chrysalis.jpg,false,,
2221,Question Mark butterfly,Gavins Pond,true,https://sharonfoc.org/wp-content/uploads/2014/08/questionmark_butterfly.jpg,false,,
2219,Purple pitcherplant,Borderland State Park,true,https://sharonfoc.org/wp-content/uploads/2014/08/purple_pitcherplant3.jpg,false,,
2217,Purple Loosestrife,Gavins Pond,true,https://sharonfoc.org/wp-content/uploads/2014/08/purple_loosestrife.jpg,false,,
2213,Purple Finch,Moose Hill area,true,https://sharonfoc.org/wp-content/uploads/2014/08/purple_finch.jpg,false,,
2201,Polyphemus Moth (wing only),Gavins Pond Road soccer field parking lot,true,https://sharonfoc.org/wp-content/uploads/2014/08/polyphemus_moth.jpg,false,,
8156,Eastern Bluebird,Gavins Pond soccer field,true,https://sharonfoc.org/wp-content/uploads/2019/05/Bluebird-10-9-14-353pm-1.jpg,false,,
2198,Spotted Wintergreen,conservation land near Billings Street,true,https://sharonfoc.org/wp-content/uploads/2014/08/pipsissewa.jpg,false,,
2196,Pink Lady’s Slipper orchid,Moose Hill Audubon Wildlife Sanctuary,true,https://sharonfoc.org/wp-content/uploads/2014/08/pink_ladys_slipper3.jpg,false,,
2184,Phoebe,Moose Hill Audubon Wildlife Sanctuary,true,https://sharonfoc.org/wp-content/uploads/2014/08/phoebe2.jpg,false,,
2182,Phoebe,Gavins Pond Road soccer field,true,https://sharonfoc.org/wp-content/uploads/2014/08/phoebe.jpg,false,,
2180,Peony,4 Gavins Pond Rd.,true,https://sharonfoc.org/wp-content/uploads/2014/08/peony.jpg,false,,
2178,American White Pelican,Lake Massapoag,true,https://sharonfoc.org/wp-content/uploads/2014/08/pelican.jpg,false,,
2176,Peck’s Skipper butterfly,Gavins Pond,true,https://sharonfoc.org/wp-content/uploads/2014/08/pecks_skipper_butterfly.jpg,false,,
2168,Partridgeberry,Beaver Brook headwaters area,true,https://sharonfoc.org/wp-content/uploads/2014/08/partridgeberry.jpg,false,,
2151,Orchard Orbweaver,4 Gavins Pond Rd.,true,https://sharonfoc.org/wp-content/uploads/2014/08/orchard_orbweaver_spider.jpg,false,,
2149,Orange bluet damselfly,Gavins Pond Dam,true,https://sharonfoc.org/wp-content/uploads/2014/08/orange_bluet_damselfly2.jpg,false,,
2147,Orange bluet damselfly,Gavins Pond Dam,true,https://sharonfoc.org/wp-content/uploads/2014/08/orange_bluet_damselfly_male1.jpg,false,,
2140,Northern Water Snake (juvenile),outflow pool below Gavins Pond Dam,true,https://sharonfoc.org/wp-content/uploads/2014/08/northern_water_snake_juvenile.jpg,false,,
2138,Northern Water Snake,Gavins Pond Dam,true,https://sharonfoc.org/wp-content/uploads/2014/08/northern_water_snake11.jpg,false,,
2136,Northern Water Snake,Gavins Pond Dam,true,https://sharonfoc.org/wp-content/uploads/2014/08/northern_water_snake7.jpg,false,,
2134,Northern Water Snake,Outlet of Gavins Pond,true,https://sharonfoc.org/wp-content/uploads/2014/08/northern_water_snake.jpg,false,,
2132,Northern Shoveler duck,Gavins Pond,true,https://sharonfoc.org/wp-content/uploads/2014/08/northern_shoveler_duck.jpg,false,,
2128,Northern Paper Wasp,Gavins Pond area near soccer parking lot,true,https://sharonfoc.org/wp-content/uploads/2014/08/northern_paper_wasp.jpg,false,,
2126,Northern Eyed Brown butterfly,Beaver Brook near tennis courts,true,https://sharonfoc.org/wp-content/uploads/2014/08/northern_eyed_brown_butterfly.jpg,false,,
2124,Dewberry,edge of woods by Gavins Pond near soccer fields,true,https://sharonfoc.org/wp-content/uploads/2014/08/northern_dewberry.jpg,false,,
2114,Muskrat,Beaver Brook near tennis courts,true,https://sharonfoc.org/wp-content/uploads/2014/08/muskrat3.jpg,false,,
2110,Muscovy Duck,"on the ice at Knifeshop Pond, Ames Street",true,https://sharonfoc.org/wp-content/uploads/2014/08/muscovy_duck.jpg,false,,
2105,Mourning Cloak Butterfly,Gavins Pond Road near soccer fields,true,https://sharonfoc.org/wp-content/uploads/2014/08/mourning_cloak_butterfly4.jpg,false,,
2103,Mourning Cloak butterfly,4 Gavins Pond Road,true,https://sharonfoc.org/wp-content/uploads/2014/08/mourning_cloak_butterfly3.jpg,false,,
8152,Wood Duck,Gavins Pond,true,https://sharonfoc.org/wp-content/uploads/2019/05/Wood-duck-9-28-14-453pm.jpg,false,,
2100,Mottled Prominent Moth (caterpillar),King Phillip’s Rock,true,https://sharonfoc.org/wp-content/uploads/2014/08/mottled_prominent_mothface.jpg,false,,
2096,Northern mockingbird,near Gavins Pond,true,https://sharonfoc.org/wp-content/uploads/2014/08/mockingbird1.jpg,false,,
2094,Northern mockingbird,Gavins Pond,true,https://sharonfoc.org/wp-content/uploads/2014/08/mockingbird.jpg,false,,
2083,Mayfly,Beaver Brook,true,https://sharonfoc.org/wp-content/uploads/2014/08/mayfly.jpg,false,,
2081,May apple,Moose Hill Audubon Wildlife Sanctuary,true,https://sharonfoc.org/wp-content/uploads/2014/08/may_apple.jpg,false,,
2077,Mallard,"Knifeshop Pond, Ames Street",true,https://sharonfoc.org/wp-content/uploads/2014/08/mallard.jpg,false,,
2075,Maitake mushroom,By a large oak tree in my yard on Moosehill Pkwy,true,https://sharonfoc.org/wp-content/uploads/2014/08/maitake.jpg,false,,
2069,Little Wood Satyr butterfly,in the woods near Gavins Pond,true,https://sharonfoc.org/wp-content/uploads/2014/08/little_wood_satyr2.jpg,false,,
2067,Little Wood Satyr butterfly,near Gavins Pond,true,https://sharonfoc.org/wp-content/uploads/2014/08/little_wood_satyr_butterfly1.jpg,false,,
2065,Little Floatingheart,Gavins Pond,true,https://sharonfoc.org/wp-content/uploads/2014/08/little_floatingheart.jpg,false,,
2063,Lingzhi mushroom,4 Gavins Pond Road,true,https://sharonfoc.org/wp-content/uploads/2014/08/lingzhi_mushroom.jpg,false,,
2061,Lincoln’s sparrow,Moose Hill Audubon Wildlife Sanctuary,true,https://sharonfoc.org/wp-content/uploads/2014/08/lincolns_sparrow2.jpg,false,,
2059,Lilypad forktail damselfly,Borderland State Park,true,https://sharonfoc.org/wp-content/uploads/2014/08/lilypad_forktail.jpg,false,,
2057,Leaf-footed bug,4 Gavins Pond Road,true,https://sharonfoc.org/wp-content/uploads/2014/08/leaf-footed_bug.jpg,false,,
2053,Large Yellow Underwing moth,4 Gavins Pond Road,true,https://sharonfoc.org/wp-content/uploads/2014/08/large_yellow_underwing_moth.jpg,false,,
2051,Lancet Clubtail dragonfly (male),Gavins Pond Dam,true,https://sharonfoc.org/wp-content/uploads/2014/08/lancet_clubtail_dragonfly_male.jpg,false,,
2049,Lancet Clubtail dragonfly (male),Gavins Pond,true,https://sharonfoc.org/wp-content/uploads/2014/08/lancet_clubtail_dragonfly2.jpg,false,,
2043,Lady Beetle larva,Gavins Pond Dam,true,https://sharonfoc.org/wp-content/uploads/2014/08/lady_beetle_larva.jpg,false,,
2041,Lady Beetle,Gavins Pond Dam,true,https://sharonfoc.org/wp-content/uploads/2014/08/lady_beetle3.jpg,false,,
2039,Lady Beetle,Gavins Pond Dam,true,https://sharonfoc.org/wp-content/uploads/2014/08/lady_beetle2.jpg,false,,
2031,American Kestrel,Field near Gavins Pond Dam,true,https://sharonfoc.org/wp-content/uploads/2014/08/kestrel3.jpg,false,,
2029,Juvenal’s Duskywing,near Gavins Pond dam,true,https://sharonfoc.org/wp-content/uploads/2014/08/juvenals_duskywing.jpg,false,,
2027,Dark-eyed Junco,Gavins Pond,true,https://sharonfoc.org/wp-content/uploads/2014/08/junco1.jpg,false,,
2025,Dark-eyed Junco,Moose Hill Parkway,true,https://sharonfoc.org/wp-content/uploads/2014/08/junco.jpg,false,,
2023,Jewelweed,near Gavins Pond outflow pool,true,https://sharonfoc.org/wp-content/uploads/2014/08/jewelweed.jpg,false,,
2021,Japanese Barberry,end of Lee Road,true,https://sharonfoc.org/wp-content/uploads/2014/08/japanese_barberry.jpg,false,,
2019,Jagged Ambush Bug,Gavins Pond Dam,true,https://sharonfoc.org/wp-content/uploads/2014/08/jagged_ambush_bug1.jpg,false,,
2012,“The Infant” moth,Gavins Pond area (field near dam),true,https://sharonfoc.org/wp-content/uploads/2014/08/infant_moth1.jpg,false,,
2001,Indian Skipper butterfly,Gavins Pond Road soccer field parking lot,true,https://sharonfoc.org/wp-content/uploads/2014/08/indian_skipper_butterfly.jpg,false,,
1999,Indian Pipe,headwaters of Beaver Brook,true,https://sharonfoc.org/wp-content/uploads/2014/08/indian_pipe1.jpg,false,,
1997,Indian Pipe,"Moose Hill Farm, Trustees of Reservations land",true,https://sharonfoc.org/wp-content/uploads/2014/08/indian_pipe.jpg,false,,
1995,House Finch,Gavins Pond area,true,https://sharonfoc.org/wp-content/uploads/2014/08/house_finch_pair.jpg,false,,
1993,American Hornbeam,Conservation land near Billings Street,true,https://sharonfoc.org/wp-content/uploads/2019/05/Hornbeam-1.jpg,false,,
1985,Honeybee,Gavins Pond Dam,true,https://sharonfoc.org/wp-content/uploads/2014/08/honeybee.jpg,false,,
1983,Honey Mushroom,Near the train station tennis courts by Beaver Brook,true,https://sharonfoc.org/wp-content/uploads/2014/08/honey_mushroom3.jpg,false,,
1981,Highbush blueberry,Moose Hill Audubon Wildlife Sanctuary,true,https://sharonfoc.org/wp-content/uploads/2014/08/highbush_blueberry.jpg,false,,
1977,Sharp-Shinned Hawk,Moose Hill Parkway,true,https://sharonfoc.org/wp-content/uploads/2014/08/hawk.jpg,false,,
1975,North American Harvester butterfly,near Gavins Pond,true,https://sharonfoc.org/wp-content/uploads/2014/08/harvester_butterfly.jpg,false,,
1971,Groundhog,4 Gavins Pond Road,true,https://sharonfoc.org/wp-content/uploads/2014/08/groundhog.jpg,false,,
1967,Green Heron,"Saw Mill Pond, Sharon",true,https://sharonfoc.org/wp-content/uploads/2014/08/green_heron.jpg,false,,
1965,Greater White-fronted Goose,Ward’s Berry Farm,true,https://sharonfoc.org/wp-content/uploads/2014/08/white-fronted_goose2.jpg,false,,
1963,Greater White-fronted Goose,Wolomolopoag Pond,true,https://sharonfoc.org/wp-content/uploads/2014/08/white-fronted_goose1.jpg,false,,
1961,Greater White-fronted Goose,Ward’s Fields,false,,false,,
1959,Great Egret,Gavins Pond,true,https://sharonfoc.org/wp-content/uploads/2014/08/great_egret.jpg,false,,
1952,Great Blue Heron Rookery,Moose Hill Audubon Wildlife Sanctuary,true,https://sharonfoc.org/wp-content/uploads/2014/08/great_blue_heron_nest1.jpg,false,,
1948,Great Blue Heron,Gavins Pond Dam,true,https://sharonfoc.org/wp-content/uploads/2014/08/great_blue_heron2.jpg,false,,
1946,Great Blue Heron,Gavins Pond,true,https://sharonfoc.org/wp-content/uploads/2014/08/great_blue_heron.jpg,false,,
1944,Great Blue Heron,,false,,false,,
1941,Gray Tree Frog,302 Mansfield Street,false,,false,,
1939,Gray Tree Frog,Back yard garden,true,https://sharonfoc.org/wp-content/uploads/2014/08/graytreefrog.jpg,false,,
1933,Canada x Greylag hybrid goose,Soccer field by Gavins Pond Road,false,,false,,
1929,Goldenrod,Gavins Pond,true,https://sharonfoc.org/wp-content/uploads/2014/08/goldenrod.jpg,false,,
1927,Giant Leopard Moth,Sharon Train Station,false,,false,,
1923,Black and Yellow Garden Spider,DPW,true,https://sharonfoc.org/wp-content/uploads/2014/08/garden_spider2.jpg,false,,
1919,Galerucella beetle,Gavins Pond Dam,true,https://sharonfoc.org/wp-content/uploads/2014/08/galerucella7.jpg,false,,
1915,Galerucella beetle larvae,Gavins Pond Dam,true,https://sharonfoc.org/wp-content/uploads/2014/08/galerucella6.jpg,false,,
1913,Funnel Weaver Spider,4 Gavins Pond Road (basement),true,https://sharonfoc.org/wp-content/uploads/2014/08/funnel_weaver_spider.jpg,false,,
1905,Freshwater Mussel,outflow pool below Gavins Pond Dam,true,https://sharonfoc.org/wp-content/uploads/2014/08/freshwater_mussel.jpg,false,,
1902,Fragile Forktail Damselfly,Gavins Pond Dam,true,https://sharonfoc.org/wp-content/uploads/2014/08/fragile_forktail_damselfly3.jpg,false,,
1900,Fragile Forktail Damselfly,Gavins Pond Dam,true,https://sharonfoc.org/wp-content/uploads/2014/08/fragile_forktail_damselfly2.jpg,false,,
1891,Red Fox,4 Gavins Pond Road (back yard),true,https://sharonfoc.org/wp-content/uploads/2014/08/fox5.jpg,false,,
1889,Red Fox,Pilgrim Drive,true,https://sharonfoc.org/wp-content/uploads/2014/08/fox4.jpg,false,,
1887,Red Fox,Lake Massapoag and Lakeview St,false,,false,,
1885,Red Fox,backyard,false,,false,,
1883,Red Fox,Lakeview St.,false,,false,,
1881,Red Fox,Lakeview St.,false,,false,,
1878,Fourteen-spotted leaf beetle,Soccer parking area by Gavins Pond,true,https://sharonfoc.org/wp-content/uploads/2014/08/fourteen-spotted_leaf_beetle.jpg,false,,
1876,Fly Agaric mushroom,Gavins Pond Road,true,https://sharonfoc.org/wp-content/uploads/2014/08/fly_agaric_mushroom.jpg,false,,
1858,Familiar Bluet,Gavins Pond outflow pool,true,https://sharonfoc.org/wp-content/uploads/2014/08/familiar_bluet.jpg,false,,
1856,False Crocus Geometer Moth,4 Gavins Pond Road,true,https://sharonfoc.org/wp-content/uploads/2014/08/false_crocus_geometer_moth.jpg,false,,
1854,Fairy Shrimp,"Hockomock Swamp, Easton",true,https://sharonfoc.org/wp-content/uploads/2014/08/fairy_shrimp3.jpg,false,,
1850,European Skipper butterfly,Moose Hill Audubon Wildlife Sanctuary,true,https://sharonfoc.org/wp-content/uploads/2014/08/european_skipper.jpg,false,,
1836,Eastern tent caterpillar,Field near Gavins Pond dam,true,https://sharonfoc.org/wp-content/uploads/2014/08/eastern_tent_caterpillar.jpg,false,,
1804,Dwarf ginseng,Moose Hill Audubon Wildlife Sanctuary,true,https://sharonfoc.org/wp-content/uploads/2014/08/dwarf_ginseng.jpg,false,,
1798,Dronefly,Soccer parking area by Gavins Pond,true,https://sharonfoc.org/wp-content/uploads/2014/08/dronefly.jpg,false,,
1789,Dot-tailed Whiteface dragonfly (male),Gavins Pond Dam,true,https://sharonfoc.org/wp-content/uploads/2019/05/Dot-tailed-white-dragonfly-6-7-10-905am.jpg,false,,
1787,Dogbane Leaf beetle,Gavins Pond Road,true,https://sharonfoc.org/wp-content/uploads/2019/05/dogbane-leaf-beetle-7-12-10.jpg,false,,
1785,Dewberry,154 Wolomolopoag St.,true,https://sharonfoc.org/wp-content/uploads/2019/05/Dewberry-6-29-10-2pm.jpg,false,,
1783,Delta-spotted Spiketail dragonfly,Power line cut along Moose Hill St.,true,https://sharonfoc.org/wp-content/uploads/2014/08/delta-spotted_spiketail.jpg,false,,
1779,Definite Tussock Moth,4 Gavins Pond Road,true,https://sharonfoc.org/wp-content/uploads/2019/05/Definite-Tussock-Moth.jpg,false,,
1769,Daisy Fleabane,"147 Wolomolopoag St., Sharon",true,https://sharonfoc.org/wp-content/uploads/2014/08/daisy_fleabane1.jpg,false,,
1767,Daisy Fleabane,Gavins Pond Road,true,https://sharonfoc.org/wp-content/uploads/2014/08/daisy_fleabane.jpg,false,,
1765,Curve-toothed geometer moth,4 Gavins Pond Rd.,true,https://sharonfoc.org/wp-content/uploads/2014/08/curve-toothed_geometer_moth.jpg,false,,
1763,Cross Orbweaver spider,4 Gavins Pond Road,true,https://sharonfoc.org/wp-content/uploads/2014/08/cross_orbweaver_spider.jpg,false,,
1761,Crane Fly,Gavins Pond,true,https://sharonfoc.org/wp-content/uploads/2019/05/Crane-fly-5-26-10-520pm.jpg,false,,
1759,Crab Apple,Gavins Pond,true,https://sharonfoc.org/wp-content/uploads/2014/08/crab_apple_blossoms.jpg,false,,
1749,Cooper’s hawk,4 Gavins Pond Road (back yard),true,https://sharonfoc.org/wp-content/uploads/2014/08/coopers_hawk2.jpg,false,,
1746,Cooper’s hawk,4 Gavins Pond Road,true,https://sharonfoc.org/wp-content/uploads/2014/08/coopers_hawk.jpg,false,,
1742,Common Spring Moth,field near Gavins Pond dam,true,https://sharonfoc.org/wp-content/uploads/2014/08/common_spring_moth1.jpg,false,,
1740,Common Spring Moth,Gavins Pond,true,https://sharonfoc.org/wp-content/uploads/2014/08/common_spring_moth.jpg,false,,
1725,Common Greenshield Lichen,near Gavins Pond,true,https://sharonfoc.org/wp-content/uploads/2014/08/common_greenshield_lichen.jpg,false,,
1718,Colorado Potato Beetle,Ward’s Berry Farm,true,https://sharonfoc.org/wp-content/uploads/2014/08/colorado_potato_beetle.jpg,false,,
1716,Cobbler moth,Gavins Pond Dam,true,https://sharonfoc.org/wp-content/uploads/2014/08/cobbler_moth.jpg,false,,
1714,Clover Looper Moth,Soccer field parking lot off Gavins Pond Road,true,https://sharonfoc.org/wp-content/uploads/2014/08/clover_looper_moth.jpg,false,,
8119,Praying Mantis,4 Gavins Pond Rd.,true,https://sharonfoc.org/wp-content/uploads/2019/05/Praying-mantis-9-14-14-1026-am.jpg,false,,
8126,Wood Frog,4 Gavins Pond Rd.,true,https://sharonfoc.org/wp-content/uploads/2019/05/Wood-frog-9-13-14-1210-pm.jpg,false,,
1693,Black-capped Chickadee,4 Gavins Pond Road,true,https://sharonfoc.org/wp-content/uploads/2014/08/chickadees.jpg,false,,
1684,Carpenter Ant “Frass”,Beaver Brook headwaters area,true,https://sharonfoc.org/wp-content/uploads/2014/08/carpenter_ant_frass.jpg,false,,
1680,Carolina Locust,Gavins Pond Dam,true,https://sharonfoc.org/wp-content/uploads/2014/08/carolina_locust.jpg,false,,
1672,Canada Goose,Gavins Pond,true,https://sharonfoc.org/wp-content/uploads/2019/05/Canada-Geese-goslings-5-4-11-1245pm.jpg,false,,
1670,Canada Darner dragonfly,Gavins Pond Road (bridge near soccer fields),true,https://sharonfoc.org/wp-content/uploads/2014/08/canada_darner_dragonfly.jpg,false,,
1668,Caddisfly Larva,vernal pool near Bay Road,true,https://sharonfoc.org/wp-content/uploads/2014/08/caddis_fly_larva.jpg,false,,
1661,Bull Thistle,Gavins Pond Rd. soccer field parking lot,true,https://sharonfoc.org/wp-content/uploads/2014/08/bull_thistle1.jpg,false,,
1652,Buckeye Butterfly,Field near Gavins Pond,true,https://sharonfoc.org/wp-content/uploads/2014/08/buckeye_butterfly1.jpg,false,,
1650,Brown Thrasher,Gavins Pond Road near soccer field parking lot,true,https://sharonfoc.org/wp-content/uploads/2014/08/brown_thrasher.jpg,false,,
1646,Brown Mantidfly,On one of the reflectors I have around my driveway.,false,,false,,
1640,Brown-headed Cowbird,Gavins Pond area near soccer fields,true,https://sharonfoc.org/wp-content/uploads/2014/08/brown-headed_cowbirds1.jpg,false,,
1636,Bondarzewia,backyard,true,https://sharonfoc.org/wp-content/uploads/2014/08/bondarzewi.jpg,false,,
1634,Bobcat,5 Tisdale Road,true,https://sharonfoc.org/wp-content/uploads/2014/08/bobcat1.jpg,false,,
1630,Bluegill Sunfish,Borderland State Park,true,https://sharonfoc.org/wp-content/uploads/2014/08/bluegill_sunfish1.jpg,false,,
1628,Bluegill Sunfish,Gavins Pond,true,https://sharonfoc.org/wp-content/uploads/2014/08/bluegill_sunfish.jpg,false,,
1613,Blueberry,meadow near Gavins Pond dam,true,https://sharonfoc.org/wp-content/uploads/2014/08/blueberry.jpg,false,,
1611,Blueberry,Gavins Pond,true,https://sharonfoc.org/wp-content/uploads/2014/08/blueberries_unripe.jpg,false,,
1599,Blue Dasher dragonfly (female),Gavins Pond area,true,https://sharonfoc.org/wp-content/uploads/2014/08/blue_dasher_dragonfly_female2.jpg,false,,
1596,Blue Dasher dragonfly,Gavins Pond soccer field parking lot,true,https://sharonfoc.org/wp-content/uploads/2014/08/blue_dasher_dragonfly.jpg,false,,
1593,Blue-winged Warbler,Gavins Pond Road,true,https://sharonfoc.org/wp-content/uploads/2014/08/blue-winged_warbler3.jpg,false,,
1573,Black-eyed Susans,Gavins Pond Road,true,https://sharonfoc.org/wp-content/uploads/2014/08/black-eyed_susans.jpg,false,,
1571,Black-eyed Susans,Gavins Pond area,true,https://sharonfoc.org/wp-content/uploads/2014/08/black-eyed_susan.jpg,false,,
1557,Big Brown Bat,Gavins Pond Dam,true,https://sharonfoc.org/wp-content/uploads/2014/08/big_brown_bat1-1.jpg,false,,
1548,Barn Swallow,stone hut by Upper Leach Pond at Borderland State Park,true,https://sharonfoc.org/wp-content/uploads/2014/08/barn_swallow2.jpg,false,,
1546,Banded Net-Winged Beetle,4 Gavins Pond Road (back yard),true,https://sharonfoc.org/wp-content/uploads/2014/08/banded_net-winged_beetle.jpg,false,,
1539,Baltimore Oriole,Gavins Pond Dam,true,https://sharonfoc.org/wp-content/uploads/2014/08/baltimore_oriole5.jpg,false,,
1537,Baltimore Oriole,Moose Hill Audubon Wildlife Sanctuary,true,https://sharonfoc.org/wp-content/uploads/2019/05/Baltimore-oriole-in-flowering-crabapple.jpg,false,,
1533,Baltimore Oriole,Moose Hill area,true,https://sharonfoc.org/wp-content/uploads/2014/08/baltimore_oriole.jpg,false,,
1515,Aurora Damsel,Beaver Brook near tennis courts,true,https://sharonfoc.org/wp-content/uploads/2014/08/aurora_damsel1.jpg,false,,
1512,Appalachian Brown Butterfly,Gavins Pond area,true,https://sharonfoc.org/wp-content/uploads/2014/08/appalachian_brown_butterfly2.jpg,false,,
1505,American Toad,Borderland State Park,true,https://sharonfoc.org/wp-content/uploads/2014/08/american_toad.jpg,false,,
1479,American Crow (mutant),Wolomolopoag Street (Ward’s Barry Farm),true,https://sharonfoc.org/wp-content/uploads/2019/05/crow-mutant-2.jpg,false,,
1475,American Copper Butterfly,field near Gavins Pond dam,true,https://sharonfoc.org/wp-content/uploads/2014/08/american_copper_butterfly4-e1438310528450.jpg,false,,
1472,American Copper Butterfly,4 Gavins Pond Road (front yard),true,https://sharonfoc.org/wp-content/uploads/2014/08/american_copper_butterfly2.jpg,false,,
1469,American Copper Butterfly,Furnace St. under high tension wires,true,https://sharonfoc.org/wp-content/uploads/2014/08/american_copper_butterfly1.jpg,false,,
1463,American Black Duck,Sawmill Pond,true,https://sharonfoc.org/wp-content/uploads/2019/05/black-ducks-1.jpg,false,,
6923,Tiger Swallowtail butterfly,Gavins Pond Dam,true,https://sharonfoc.org/wp-content/uploads/2018/05/Tiger-swallowtail4-1.jpg,false,,
1894,Gray Fox,4 Gavins Pond Road,false,,false,,
186714,American eel,Billings Brook below the Gavins Pond Dam,true,https://sharonfoc.org/wp-content/uploads/2021/08/elvers-in-Alamosa-1979.jpeg,false,,
76,Great Blue Heron,Massapoag Ave/Community center,true,https://sharonfoc.org/wp-content/uploads/2014/07/great_blue_heron3.jpg,false,,
70,Spicebush Swallowtail butterfly,Gavins Pond area near soccer parking area,true,https://sharonfoc.org/wp-content/uploads/2014/07/black_swallowtail_butterfly.jpg,false,,
7753,Deptford Pink,near Gavins Pond,true,https://sharonfoc.org/wp-content/uploads/2018/07/Deptford-Pink-dianthus-armeria.jpg,false,,
198105,Common Grackle,near Gavins Pond,true,https://sharonfoc.org/wp-content/uploads/2023/02/grackle-6-30-14-Gavins-Pond-scaled.jpeg,false,,
8115,Ruby-throated Hummingbird,4 Gavins Pond Rd.,true,https://sharonfoc.org/wp-content/uploads/2019/05/hummingbird-16-Jun-14-645-pm.jpg,false,,
8206,Tetragnatha Spider,Gavins Pond Dam,true,https://sharonfoc.org/wp-content/uploads/2019/05/Tetragnatha-spider-6-7-14-1240pm.jpg,false,,
1632,Bobcat,155 Billings St,true,https://sharonfoc.org/wp-content/uploads/2014/08/bobcat.jpg,false,,
6667,Rose-breasted Grosbeak,in the woods near Gavins Pond,true,https://sharonfoc.org/wp-content/uploads/2018/05/Rose-breasted-grosbeak-6-2-14.jpg,false,,
2142,Nursery web spider,4 Gavins Pond Rd.,true,https://sharonfoc.org/wp-content/uploads/2014/08/nursery_web_spider1.jpg,false,,
2192,Pine warbler,Trail through woods beside Gavins Pond,true,https://sharonfoc.org/wp-content/uploads/2014/08/pine_warbler4.jpg,false,,
1562,Bird’s Foot Violet,Power lines near Walpole St.,true,https://sharonfoc.org/wp-content/uploads/2014/08/birds_foot_violet3.jpg,false,,
2010,Indigo Bunting,Under the powerlines near Walpole St.,true,https://sharonfoc.org/wp-content/uploads/2014/08/indigo_bunting2.jpg,false,,
2570,Yellow Star Grass,Borderland State Park,true,https://sharonfoc.org/wp-content/uploads/2014/08/yellow_star-grass2.jpg,false,,
2364,Song Sparrow,Borderland State Park,true,https://sharonfoc.org/wp-content/uploads/2014/08/song_sparrow2.jpg,false,,
2242,Red-eyed vireo,King Phillip’s Rock trail,true,https://sharonfoc.org/wp-content/uploads/2014/08/red-eyed_vireo2.jpg,false,,
1568,Black-billed Cuckoo,Moose Hill Audubon Wildlife Sanctuary,true,https://sharonfoc.org/wp-content/uploads/2015/09/cuckoo-bt-t-nail.jpg,false,,
2548,Wood thrush,Moose Hill Audubon Wildlife Sanctuary,true,https://sharonfoc.org/wp-content/uploads/2014/08/wood_thrush1.jpg,false,,
1839,Tiger Swallowtail butterfly,field near Gavins Pond dam,true,https://sharonfoc.org/wp-content/uploads/2014/08/tiger_swallowtail_butterfly1.jpg,false,,
1860,Field sparrow,field near Gavins Pond dam,true,https://sharonfoc.org/wp-content/uploads/2014/08/field_sparrow2.jpg,false,,
1957,Great crested flycatcher,Borderland State Park,true,https://sharonfoc.org/wp-content/uploads/2014/08/great_crested_flycatcher.jpg,false,,
2205,Prairie warbler,field near Gavins Pond dam,true,https://sharonfoc.org/wp-content/uploads/2014/08/prairie_warbler4.jpg,false,,
2473,Warbling vireo,Gavins Pond,true,https://sharonfoc.org/wp-content/uploads/2014/08/warbling_vireo3.jpg,false,,
1911,Frosted Elfin Butterfly,undisclosed location in Sharon,true,https://sharonfoc.org/wp-content/uploads/2014/08/frosted_elfin1.jpg,false,,
2174,Pearl Crescent butterfly,Gavins Pond Dam,true,https://sharonfoc.org/wp-content/uploads/2014/08/pearl_crescent_butterfly5.jpg,false,,
2574,Yellow warbler,Gavins Pond Road,true,https://sharonfoc.org/wp-content/uploads/2014/08/yellow_warbler2.jpg,false,,
1676,Canada Mayflower,Beaver Brook near tennis courts,true,https://sharonfoc.org/wp-content/uploads/2014/08/canada_mayflower2.jpg,false,,
2322,Scarlet Tanager,Moose Hill Audubon Wildlife Sanctuary,true,https://sharonfoc.org/wp-content/uploads/2014/08/scarlet_tanager6.jpg,false,,
2155,Ovenbird,Moose Hill Audubon Wildlife Sanctuary,true,https://sharonfoc.org/wp-content/uploads/2018/05/ovenbird-5-16-14-2.jpg,false,,
2270,Redwing blackbird,Gavins Pond Road,true,https://sharonfoc.org/wp-content/uploads/2014/08/redwing_blackbird2.jpg,false,,
1843,Eastern Towhee,field near Gavins Pond dam,true,https://sharonfoc.org/wp-content/uploads/2014/08/eastern_towhee3_female.jpg,false,,
2576,Common yellowthroat,Moose Hill Audubon Wildlife Sanctuary,true,https://sharonfoc.org/wp-content/uploads/2014/08/yellowthroat.jpg,false,,
1623,Eastern Bluebird,Moose Hill Audubon Wildlife Sanctuary,true,https://sharonfoc.org/wp-content/uploads/2014/08/bluebird_on_box-moose_hill3.jpg,false,,
2546,Wood thrush,Moose Hill Audubon Wildlife Sanctuary,true,https://sharonfoc.org/wp-content/uploads/2014/08/wood_thrush.jpg,false,,
2120,Narrow-leaved spring beauty,Sharon,true,https://sharonfoc.org/wp-content/uploads/2014/08/narrow-leaved_spring_beauty3.jpg,false,,
2496,White-throated sparrow,Moose Hill Audubon Wildlife Sanctuary,true,https://sharonfoc.org/wp-content/uploads/2014/08/white-throated_sparrow2.jpg,false,,
2073,Magnolia warbler,Moose Hill Audubon Wildlife Sanctuary,true,https://sharonfoc.org/wp-content/uploads/2014/08/magnolia_warbler2.jpg,false,,
6739,Yellow-rumped Warbler,Moose Hill Audubon Wildlife Sanctuary,true,https://sharonfoc.org/wp-content/uploads/2018/05/yellow-rumped-warbler-5-13-14-1.jpg,false,,
7128,Red-bellied Woodpecker,Moose Hill Audubon Wildlife Sanctuary,true,https://sharonfoc.org/wp-content/uploads/2018/05/Red-bellied-woodpecker-5-13-16-2-1.jpg,false,,
1577,Black and White Warbler,Moose Hill Audubon Wildlife Sanctuary,true,https://sharonfoc.org/wp-content/uploads/2014/08/black_and_white_warbler3.jpg,false,,
1832,Eastern Tailed-Blue butterfly,field near Gavins Pond Dam,true,https://sharonfoc.org/wp-content/uploads/2014/08/eastern_tailed_blue_butterfly8.jpg,false,,
2432,Tree swallow,Moose Hill Audubon Wildlife Sanctuary,true,https://sharonfoc.org/wp-content/uploads/2014/08/tree_swallow4.jpg,false,,
2122,Northern Cardinal,Moose Hill Audubon Wildlife Sanctuary,true,https://sharonfoc.org/wp-content/uploads/2014/08/northern_cardinal2.jpg,false,,
1822,Eastern Pine Elfin,Gavins Pond area (along the dirt road from the soccer fields to the dam),true,https://sharonfoc.org/wp-content/uploads/2014/08/eastern_pine_elfin3.jpg,false,,
1757,Coyote,"16 High Plain St., Sharon",true,https://sharonfoc.org/wp-content/uploads/2014/08/coyote.jpg,false,,
199044,Beaver,Gavins Pond,true,https://sharonfoc.org/wp-content/uploads/2023/11/beaver-Gavins-Pond-4-20-14-717pm-scaled.jpeg,false,,
1590,Blister Beetle,Gavins Pond area,true,https://sharonfoc.org/wp-content/uploads/2014/08/blister_beetle2.jpg,false,,
2258,Red-shouldered hawk,4 Gavins Pond Road,true,https://sharonfoc.org/wp-content/uploads/2019/06/Red-shouldered-hawk.jpg,false,,
2238,Red-bellied Woodpecker,Moose Hill Audubon Wildlife Sanctuary,true,https://sharonfoc.org/wp-content/uploads/2014/08/red-bellied_woodpecker1.jpg,false,,
2488,White-breasted nuthatch,Moose Hill Audubon Wildlife Sanctuary,true,https://sharonfoc.org/wp-content/uploads/2014/08/white-breasted_nuthatch.jpg,false,,
1771,Dark-eyed Junco,Moose Hill Audubon Wildlife Sanctuary,true,https://sharonfoc.org/wp-content/uploads/2014/08/dark-eyed_junco.jpg,false,,
2089,Mink,Traphole Brook at High Plain St.,true,https://sharonfoc.org/wp-content/uploads/2014/08/mink.jpg,false,,
199719,Horned Lark,Ward’s Berry Farm,true,https://sharonfoc.org/wp-content/uploads/2025/04/Horned-lark-3-1-14-1025am.jpeg,false,,
1796,Downy Woodpecker,Moose Hill area,true,https://sharonfoc.org/wp-content/uploads/2014/08/downy_woodpecker1.jpg,false,,
2362,Song Sparrow,Moose Hill area,true,https://sharonfoc.org/wp-content/uploads/2014/08/song_sparrow1.jpg,false,,
1531,Bald Eagle,Massapoag,false,,false,,
1657,Bufflehead,Gavins Pond,true,https://sharonfoc.org/wp-content/uploads/2014/08/buffleheads.jpg,false,,
97361,Wild Sarsaparilla,woods near Beaver Brook,true,https://sharonfoc.org/wp-content/uploads/2020/11/Wild-Sarsaparilla-10-2-13-1213p-scaled.jpg,false,,
8796,Cross Orbweaver spider,4 Gavins Pond Road,true,https://sharonfoc.org/wp-content/uploads/2019/06/Araneus-diadematus-10-1-13-338pm.jpg,false,,
2071,Locust borer beetle,4 Gavins Pond Road (front yard),true,https://sharonfoc.org/wp-content/uploads/2014/08/locust_borer_beetle.jpg,false,,
97312,Jerusalem Artichoke,Gavins Pond Road near soccer fields,true,https://sharonfoc.org/wp-content/uploads/2020/11/Jerusalem-artichoke-9-22-13-315pm-scaled.jpg,false,,
2045,Ladies’ Tresses Orchid,King Phillip’s Rock area,true,https://sharonfoc.org/wp-content/uploads/2014/08/ladys_tresses_orchids1.jpg,false,,
8629,Milk Snake,Moose Hill Street,true,https://sharonfoc.org/wp-content/uploads/2019/05/Milk-snake-section-9-12-13-430pm-1.jpg,false,,
2037,Belted Kingfisher,Gavins Pond Dam,true,https://sharonfoc.org/wp-content/uploads/2014/08/kingfisher3.jpg,false,,
8742,Red-tailed Hawk (juvenile),4 Gavins Pond Road,true,https://sharonfoc.org/wp-content/uploads/2019/06/Red-tailed-hawk-8-14-13-7am.jpg,false,,
2209,Praying Mantis,Gavins Pond Road backyard,true,https://sharonfoc.org/wp-content/uploads/2014/08/praying_mantis3.jpg,false,,
2453,Twelve-spotted Skimmer dragonfly (female),Gavins Pond Road near soccer fields,true,https://sharonfoc.org/wp-content/uploads/2014/08/twelve-spotted_skimmer2.jpg,false,,
8689,Wood Nymph butterfly,Gavins Pond area,true,https://sharonfoc.org/wp-content/uploads/2019/05/Wood-nymph-7-27-13-243pm-1.jpg,false,,
1816,Eastern Cottontail rabbit,Sharon train station,true,https://sharonfoc.org/wp-content/uploads/2019/05/Eastern-cottontail-7-27-13-150pm.jpg,false,,
8696,Juvenal’s Duskywing butterfly,Gavins Pond area,true,https://sharonfoc.org/wp-content/uploads/2019/05/Horacess-duskywing-7-24-13-1145am-2.jpg,false,,
8683,Great Black Wasp,4 Gavins Pond Road,true,https://sharonfoc.org/wp-content/uploads/2019/05/Great-black-wasp-and-katydid-7-18-13-315pm-1.jpg,false,,
2465,Viceroy butterfly,Gavins Pond area near soccer parking area,true,https://sharonfoc.org/wp-content/uploads/2014/08/viceroy_butterfly2.jpg,false,,
2413,Tiger Swallowtail butterfly,4 Gavins Pond Road (back yard),true,https://sharonfoc.org/wp-content/uploads/2014/08/tiger_swallowtail3.jpg,false,,
1811,Eastern Amberwing dragonfly (male),Gavins Pond area,true,https://sharonfoc.org/wp-content/uploads/2019/05/Eastern-amberwing-7-15-13-405pm.jpg,false,,
8731,House Finch (female),Gavins Pond soccer fields,true,https://sharonfoc.org/wp-content/uploads/2019/05/House-finch-female-7-13-13-noon.jpg,false,,
2542,Wood Nymph butterfly,Gavins Pond area,true,https://sharonfoc.org/wp-content/uploads/2014/08/wood_nymph1.jpg,false,,
2354,Snowberry Clearwing Moth,soccer parking area near Gavins Pond,true,https://sharonfoc.org/wp-content/uploads/2014/08/snowberry_clearwing_moth1.jpg,false,,
2492,White-faced Meadowhawk dragonfly,Gavins Pond area,true,https://sharonfoc.org/wp-content/uploads/2014/08/white-faced_meadowhawk_female2.jpg,false,,
2130,Northern Pearly-Eye butterfly,near Beaver Brook (near train station tennis courts),true,https://sharonfoc.org/wp-content/uploads/2014/08/northern_pearly-eye_butterfly.jpg,false,,
2203,Prairie warbler,field near Gavins Pond,true,https://sharonfoc.org/wp-content/uploads/2014/08/prairie_warbler3.jpg,false,,
2506,White Corporal dragonfly,Moose Hill Audubon Wildlife Sanctuary,true,https://sharonfoc.org/wp-content/uploads/2014/08/white_corporal.jpg,false,,
8748,Panic Grass,Conservation land beyond Sandy Ridge Circle,true,https://sharonfoc.org/wp-content/uploads/2019/06/panic-grass-6-15-13-230pm.jpg,false,,
1954,Great Blue Heron Rookery,Moose Hill Audubon Wildlife Sanctuary,true,https://sharonfoc.org/wp-content/uploads/2014/08/great_blue_heron_juveniles_on_nest.jpg,false,,
1872,Northern Flicker,Gavins Pond area,true,https://sharonfoc.org/wp-content/uploads/2014/08/flicker3.jpg,false,,
2161,Painted Skimmer dragonfly,Gavins Pond area,true,https://sharonfoc.org/wp-content/uploads/2014/08/painted_skimmer_libellula_semifasciata.jpg,false,,
2522,Wild Iris,Gavins Pond area,true,https://sharonfoc.org/wp-content/uploads/2014/08/wild_iris1.jpg,false,,
1686,Gray Catbird,4 Gavins Pond Road (back yard),true,https://sharonfoc.org/wp-content/uploads/2014/08/catbird.jpg,false,,
2112,Musk turtle,Gavins Pond Dam,true,https://sharonfoc.org/wp-content/uploads/2014/08/musk_turtle.jpg,false,,
4145,Chipping Sparrow,Moose Hill Audubon Wildlife Sanctuary,true,https://sharonfoc.org/wp-content/uploads/2015/12/chipping-thb-noline.jpg,false,,
6915,Spring Azure butterfly,Field near Gavins Pond Dam,true,https://sharonfoc.org/wp-content/uploads/2018/05/Spring-Azure-butterfly.jpg,false,,
1575,Black and White Warbler (female),Moose Hill Audubon Wildlife Sanctuary,true,https://sharonfoc.org/wp-content/uploads/2014/08/black_and_white_warbler.jpg,false,,
1794,Downy Woodpecker,Moose Hill Audubon Wildlife Sanctuary,true,https://sharonfoc.org/wp-content/uploads/2014/08/downy_woodpecker.jpg,false,,
2318,Scarlet tanager,Moose Hill Audubon Wildlife Sanctuary,true,https://sharonfoc.org/wp-content/uploads/2014/08/scarlet_tanager.jpg,false,,
1841,Eastern Towhee,Soccer parking area on Gavins Pond Road,true,https://sharonfoc.org/wp-content/uploads/2014/08/eastern_towhee.jpg,false,,
1696,Black-capped Chickadee,Moose Hill Audubon Wildlife Sanctuary,true,https://sharonfoc.org/wp-content/uploads/2018/05/black-capped-chickadee-4-26-13.jpg,false,,
1621,Eastern Bluebird (male),near Gavins Pond Dam,true,https://sharonfoc.org/wp-content/uploads/2014/08/bluebird_on_box_10.jpg,false,,
8722,White Sucker,Sucker Brook near the entrance to the Community Center,true,https://sharonfoc.org/wp-content/uploads/2019/05/White-suckers-4-19-13-245pm.jpg,false,,
8718,Ring-necked Duck,Gavin’s Pond,true,https://sharonfoc.org/wp-content/uploads/2019/05/Ring-necked-ducks-4-18-13-218pm.jpg,false,,
8714,White Sucker,"Beaver Brook, Sharon (downstream of the wooden footbridge near the tennis courts at the outbound train station)",true,https://sharonfoc.org/wp-content/uploads/2019/05/White-suckers-spawning-4-17-13-1240pm-1.jpg,false,,
8708,Pussy Willow,near Gavins Pond,true,https://sharonfoc.org/wp-content/uploads/2019/05/Pussy-willow-flower-4-14-13-550pm.jpg,false,,
1529,Bald Eagle,"Massapoag, near entrance to community center",false,,false,,
1755,Coyote,Griffin Land,false,,false,,
2240,Red-breasted Nuthatch,Moose Hill area,true,https://sharonfoc.org/wp-content/uploads/2014/08/red-breasted_nuthatch.jpg,false,,
1606,Blue Jay,4 Gavins Pond Road,true,https://sharonfoc.org/wp-content/uploads/2014/08/blue_jay.jpg,false,,
1678,Northern Cardinal,4 Gavins Pond Road,true,https://sharonfoc.org/wp-content/uploads/2014/08/cardinal.jpg,false,,
1991,Hooded Merganser (male),Gavins Pond,true,https://sharonfoc.org/wp-content/uploads/2014/08/hooded_merganser2.jpg,false,,
2538,Wood Duck,Gavins Pond,true,https://sharonfoc.org/wp-content/uploads/2014/08/wood_ducks3.jpg,false,,
1483,American Lady Butterfly,4 Gavins Pond Road,true,https://sharonfoc.org/wp-content/uploads/2014/08/american_lady_butterfly2-e1438310719477.jpg,false,,
2159,Painted Lady butterfly,4 Gavins Pond Road,true,https://sharonfoc.org/wp-content/uploads/2014/08/painted_lady_butterfly4.jpg,false,,
1828,Eastern Tailed-Blue butterfly,Sandy Ridge Circle,true,https://sharonfoc.org/wp-content/uploads/2014/08/eastern_tailed_blue_butterfly4.jpg,false,,
2188,Pigskin Poison Puffball,Sandy Ridge Circle,true,https://sharonfoc.org/wp-content/uploads/2014/08/pigskin_poison_puffball.jpg,false,,
1866,Fishing Spider,Borderland State Park,true,https://sharonfoc.org/wp-content/uploads/2014/08/fishing_spider.jpg,false,,
1751,Double-crested Cormorant,Gavins Pond outflow pool,true,https://sharonfoc.org/wp-content/uploads/2019/05/Double-crested-cormorant-9-1-19-440-pm.jpg,false,,
1744,Wood Nymph butterfly,Gavins Pond Road &#8211; soccer field parking lot,true,https://sharonfoc.org/wp-content/uploads/2014/08/common_wood_nymph_butterfly.jpg,false,,
2490,White-faced Meadowhawk dragonfly,Gavins Pond Road bridge over Billings Brook,true,https://sharonfoc.org/wp-content/uploads/2014/08/white-faced_meadowhawk_dragonfly-female.jpg,false,,
1732,Cicada Killer Wasp,near Gavins Pond Dam,false,,false,,
2225,"Rabbit, Hawk, and Turkeys",Back yard,false,,false,,
2252,Red Milkweed Beetle,Gavins Pond Road &#8211; soccer field parking lot,true,https://sharonfoc.org/wp-content/uploads/2014/08/red_milkweed_beetle4.jpg,false,,
2342,Slime Mold,Deborah Sampson Park,true,https://sharonfoc.org/wp-content/uploads/2014/08/slime_mold3.jpg,false,,
7453,Painted Skimmer dragonfly (female),Gavins Pond area,true,https://sharonfoc.org/wp-content/uploads/2018/05/Painted-Skimmer-female-Libellula-semifasciata.jpg,false,,
7458,Red-spotted Purple butterfly,Gavins Pond area,true,https://sharonfoc.org/wp-content/uploads/2018/05/Red-spotted-Purple-butterfly-5-24-12-IMG_3978.jpg,false,,
1826,Eastern Tailed-Blue butterfly,Field near Gavins Pond,true,https://sharonfoc.org/wp-content/uploads/2014/08/eastern_tailed_blue_butterfly1.jpg,false,,
1487,American Lady Butterfly,Gavins Pond Road near Well #5,true,https://sharonfoc.org/wp-content/uploads/2014/08/american_painted_lady_butterfly3.jpg,false,,
1643,Brown Elfin Butterfly,Gavins Pond area,true,https://sharonfoc.org/wp-content/uploads/2014/08/brown_elfin_butterfly.jpg,false,,
1937,Gray Fox,5 Gavins Pond Rd.,true,https://sharonfoc.org/wp-content/uploads/2014/08/gray_fox1.jpg,false,,
2248,Red Admiral butterfly,Gavins Pond Road area,true,https://sharonfoc.org/wp-content/uploads/2014/08/red_admiral_butterfly1.jpg,false,,
2157,Painted Lady butterfly,Gavins Pond Road near Well #5,true,https://sharonfoc.org/wp-content/uploads/2014/08/painted_lady_butterfly2.jpg,false,,
1909,Frosted Elfin Butterfly,undisclosed location in Sharon,true,https://sharonfoc.org/wp-content/uploads/2014/08/frosted_elfin_butterfly.jpg,false,,
2380,Spring Azure butterfly,Field near Gavins Pond Dam,true,https://sharonfoc.org/wp-content/uploads/2014/08/spring_azure_butterfly.jpg,false,,
1935,Gray Fox,,true,https://sharonfoc.org/wp-content/uploads/2014/08/gray_fox.jpg,false,,
2536,Wood Duck,Gavins Pond,true,https://sharonfoc.org/wp-content/uploads/2014/08/wood_duck2.jpg,false,,
1969,Green Stink Bug nymph,Gavins Pond dam,true,https://sharonfoc.org/wp-content/uploads/2014/08/green_stink_bug_nymph.jpg,false,,
1834,Eastern Tailed Blue butterfly,field near Gavins Pond Dam,true,https://sharonfoc.org/wp-content/uploads/2014/08/eastern_tailed_blue_butterfly.jpg,false,,
7427,Halloween Pennant dragonfly,near Gavins Pond soccer field parking lot,true,https://sharonfoc.org/wp-content/uploads/2018/05/Halloween-Pennant-dragonfly-8-26-11.jpg,false,,
7433,Mason Wasp,Gavins Pond Dam,true,https://sharonfoc.org/wp-content/uploads/2018/05/Mason-Wasp-Monobia-quadridens.jpg,false,,
7416,Great Black Wasp,Gavins Pond Dam,true,https://sharonfoc.org/wp-content/uploads/2018/05/Great-Black-Wasp2-on-Swamp-Milkweed.jpg,false,,
7424,Eastern Amberwing dragonfly (female),Gavins Pond Dam,true,https://sharonfoc.org/wp-content/uploads/2018/05/Eastern-Amberwing-dragonfly-female.jpg,false,,
7430,Pickerel Frog,Gavins Pond Dam,true,https://sharonfoc.org/wp-content/uploads/2018/05/Pickerel-Frog-8-11-11.jpg,false,,
7465,Black Crappie (Calico Bass),Gavins Pond,true,https://sharonfoc.org/wp-content/uploads/2018/05/Gavins-Pond-fishing.jpg,false,,
7461,Great Golden Digger Wasp,soccer parking lot near Gavins Pond,true,https://sharonfoc.org/wp-content/uploads/2018/05/Great-Golden-Digger-Wasp-7-27-11-Sphex-ichnumoneus-7-27-11.jpg,false,,
2411,Tiger Swallowtail butterfly,dirt road leading to the Gavins Pond dam,true,https://sharonfoc.org/wp-content/uploads/2014/08/tiger_swallowtail_butterfly.jpg,false,,
1509,Great Spangled Fritillary,Moose Hill area,true,https://sharonfoc.org/wp-content/uploads/2014/08/aphrodite_fritillary.jpg,false,,
2170,Pearl Crescent butterflies,Gavins Pond soccer field parking lot,true,https://sharonfoc.org/wp-content/uploads/2014/08/pearl_crescent_butterflies4.jpg,false,,
2482,Northern Water Snake,Gavins Pond Dam,true,https://sharonfoc.org/wp-content/uploads/2014/08/water_snake2.jpg,false,,
2166,Painted Turtle,Gavins Pond outflow pool,true,https://sharonfoc.org/wp-content/uploads/2014/08/painted_turtle1.jpg,false,,
1973,Halloween Pennant dragonfly,field near Gavins Pond,true,https://sharonfoc.org/wp-content/uploads/2014/08/halloween_pennant.jpg,false,,
7404,Green Frog,Gavins Pond Dam,true,https://sharonfoc.org/wp-content/uploads/2018/05/Green-frog2.jpg,false,,
7470,Japanese Beetle,Gavins Pond,true,https://sharonfoc.org/wp-content/uploads/2018/05/Japanese-Beetle.jpg,false,,
2304,Eastern Towhee (female),Gavins Pond,true,https://sharonfoc.org/wp-content/uploads/2014/08/rufus-sided_towhee-female.jpg,false,,
1626,Bluebird (Immature),near Gavins Pond,true,https://sharonfoc.org/wp-content/uploads/2014/08/bluebird_immature.jpg,false,,
1735,Common Pondhawk dragonfly,Gavins Pond Dam,true,https://sharonfoc.org/wp-content/uploads/2014/08/common_pondhawk_female.jpg,false,,
1931,American Goldfinch,Moose Hill area,true,https://sharonfoc.org/wp-content/uploads/2015/09/caterpillar.jpg,false,,
2300,Ruby-throated Hummingbird,Moose Hill area,true,https://sharonfoc.org/wp-content/uploads/2014/08/ruby-throated_hummingbird.jpg,false,,
1481,American Lady Butterfly,Gavins Pond,true,https://sharonfoc.org/wp-content/uploads/2014/08/american_lady_butterfly.jpg,false,,
1874,Northern Flicker (fledgling),Gavins Pond Road,true,https://sharonfoc.org/wp-content/uploads/2014/08/flicker_fledgling5.jpg,false,,
2296,Rough-fruited cinquefoil,Gavins Pond,true,https://sharonfoc.org/wp-content/uploads/2014/08/rough-fruited_cinquefoil1.jpg,false,,
2520,Wild Indigo,field near Gavins Pond Dam,true,https://sharonfoc.org/wp-content/uploads/2014/08/wild_indigo.jpg,false,,
2244,Red-spotted Purple butterfly,"Kendall estate, Moose Hill Street",true,https://sharonfoc.org/wp-content/uploads/2014/08/red-spotted_purple_admiral_butterfly3.jpg,false,,
2518,Wild geranium,"Kendall Estate, Moose Hill Street",true,https://sharonfoc.org/wp-content/uploads/2014/08/wild_geranium_maculatum.jpg,false,,
2079,Maple-leaf Viburnum,conservation land near Billings Street,true,https://sharonfoc.org/wp-content/uploads/2014/08/maple_leaf_viburnum.jpg,false,,
1674,Canada Mayflower,Conservation land near Billings Street,true,https://sharonfoc.org/wp-content/uploads/2014/08/canada_mayflower.jpg,false,,
2230,Golden Ragwort,conservation land near Billings Street,true,https://sharonfoc.org/wp-content/uploads/2014/08/ragwort_seeds.jpg,false,,
2338,Slaty Skimmer dragonfly,Gavins Pond,true,https://sharonfoc.org/wp-content/uploads/2014/08/slaty_skimmer_male.jpg,false,,
1721,Common Baskettail dragonfly,Gavins Pond Dam,true,https://sharonfoc.org/wp-content/uploads/2014/08/common_baskettail_dragonfly.jpg,false,,
1737,Common Ringlet butterfly,Gavins Pond Road near soccer field parking lot,true,https://sharonfoc.org/wp-content/uploads/2014/08/common_ringlet_butterfly2.jpg,false,,
2386,Star of Bethlehem,Gavins Pond Road near soccer field parking lot,true,https://sharonfoc.org/wp-content/uploads/2014/08/star_of_bethlehem.jpg,false,,
1870,Northern Flicker,Gavins Pond,true,https://sharonfoc.org/wp-content/uploads/2014/08/flicker2.jpg,false,,
2388,Starflower,Town conservation land near Beaver Brook,true,https://sharonfoc.org/wp-content/uploads/2014/08/starflower.jpg,false,,
2116,Wild mustard,Gavins Pond Road near soccer field parking lot,true,https://sharonfoc.org/wp-content/uploads/2014/08/mustard_weed1.jpg,false,,
1560,Bird’s Foot Violet,meadow near Gavins Pond dam,true,https://sharonfoc.org/wp-content/uploads/2014/08/birds_foot_violet.jpg,false,,
1979,Hay-scented Fern,Moose Hill Audubon Wildlife Sanctuary,true,https://sharonfoc.org/wp-content/uploads/2014/08/hay-scented_fern.jpg,false,,
2451,Tussock Sedge,Moose Hill Audubon boardwalk,true,https://sharonfoc.org/wp-content/uploads/2014/08/tussock_sedge.jpg,false,,
2246,Red Admiral butterfly,4 Gavins Pond Road,true,https://sharonfoc.org/wp-content/uploads/2014/08/red_admiral_butterfly.jpg,false,,
2306,Eastern towhee,Gavins Pond,true,https://sharonfoc.org/wp-content/uploads/2014/08/rufus-sided_towhee.jpg,false,,
2428,Tree swallow,near Gavins Pond Dam,true,https://sharonfoc.org/wp-content/uploads/2014/08/tree_swallow1.jpg,false,,
2484,Short-tailed weasel,Gavins Pond Road behind Shaw’s Plaza,true,https://sharonfoc.org/wp-content/uploads/2014/08/weasel.jpg,false,,
2360,Song Sparrow,Gavins Pond Road near soccer fields,true,https://sharonfoc.org/wp-content/uploads/2014/08/song_sparrow.jpg,false,,
1527,Bald Eagle,Gavins Pond soccer field parking lot,false,,false,,
2274,Ring-necked Duck,Gavin’s Pond,true,https://sharonfoc.org/wp-content/uploads/2014/08/ring_necked_duck1.jpg,false,,
2441,Wild Turkey,Moose Hill area,true,https://sharonfoc.org/wp-content/uploads/2014/08/turkey7.jpg,false,,
2055,Lead-backed salamander,Coach Lane,true,https://sharonfoc.org/wp-content/uploads/2014/08/lead-backed_salamander.jpg,false,,
1925,Garter Snake,Coach Lane,true,https://sharonfoc.org/wp-content/uploads/2014/08/garter_snake.jpg,false,,
2268,Redwing blackbird,near Gavins Pond,false,,false,,
2236,Red-bellied Woodpecker,Moose Hill area,true,https://sharonfoc.org/wp-content/uploads/2014/08/red-bellied_woodpecker.jpg,false,,
6768,Carolina Wren,Moose Hill area,false,,false,,
8637,Carolina Wren,284 Mountain Street,false,,false,,
1989,Hooded merganser,Gavins Pond,true,https://sharonfoc.org/wp-content/uploads/2014/08/hooded_mergansers1.jpg,false,,
2145,Opossum,Mountain St.,true,https://sharonfoc.org/wp-content/uploads/2014/08/opossum2.jpg,false,,
2572,Yellow Toadflax (a.k.a. Common Toadflax),Gavins Pond Road,true,https://sharonfoc.org/wp-content/uploads/2014/08/yellow_toadflax.jpg,false,,
1619,Eastern Bluebird,Gavins Pond Road near soccer fields,true,https://sharonfoc.org/wp-content/uploads/2014/08/bluebird2.jpg,false,,
1864,Fisher,Woods at the end of South Pleasant St.,false,,false,,
1665,Bullhead Catfish,Beaver Brook near tennis courts,true,https://sharonfoc.org/wp-content/uploads/2014/08/bullhead_catfish2.jpg,false,,
2350,Snapping Turtle,Gavins Pond Road,true,https://sharonfoc.org/wp-content/uploads/2014/08/snapping_turtle_hatchling.jpg,false,,
2186,Pickerel Frog,Gavins Pond Dam,true,https://sharonfoc.org/wp-content/uploads/2014/08/pickerel_frog.jpg,false,,
2439,Wild Turkey,Wilshire Drive backyard,true,https://sharonfoc.org/wp-content/uploads/2014/08/turkey6.jpg,false,,
5780,Common Pondhawk dragonfly (female),Gavins Pond Road (bridge near soccer fields),false,,false,,
2262,Redfin Pickerel,Gavins Pond outflow pool,true,https://sharonfoc.org/wp-content/uploads/2014/08/redfin_pickerel.jpg,false,,
2035,Belted Kingfisher,Gavins Pond,true,https://sharonfoc.org/wp-content/uploads/2014/08/kingfisher.jpg,false,,
2107,Mourning Dove,near Gavins Pond,true,https://sharonfoc.org/wp-content/uploads/2014/08/mourning_dove.jpg,false,,
2376,Spotted Sandpiper,Gavins Pond outflow pool,true,https://sharonfoc.org/wp-content/uploads/2014/08/spotted_sandpiper1.jpg,false,,
2163,Painted Turtle,Gavins Pond Dam,true,https://sharonfoc.org/wp-content/uploads/2014/08/painted_turtle.jpg,false,,
2005,Indigo Bunting,Moose Hill Audubon Wildlife Sanctuary &#8211; back yard,false,,false,,
1814,Eastern Box Turtle,undisclosed location in Sharon (to protect the turtle),true,https://sharonfoc.org/wp-content/uploads/2014/08/eastern_box_turtle.jpg,false,,
1808,Eastern Amberwing dragonfly (male),Gavins Pond Road,true,https://sharonfoc.org/wp-content/uploads/2014/08/eastern_amberwing_dragonfly.jpg,false,,
1663,American Bullfrog,Beaver Brook near tennis court,true,https://sharonfoc.org/wp-content/uploads/2019/05/Bullfrog.jpg,false,,
1617,Bluebird (juvenile),Gavins Pond Road soccer field parking lot,true,https://sharonfoc.org/wp-content/uploads/2014/08/bluebird1.jpg,false,,
1777,White-Tailed Deer,Gavins Pond Road soccer field,true,https://sharonfoc.org/wp-content/uploads/2014/08/deer_whitetail.jpg,false,,
1727,Common Mullein,Gavins Pond Road,true,https://sharonfoc.org/wp-content/uploads/2014/08/common_mullein.jpg,false,,
1824,Common Pondhawk dragonfly (young male),Gavins Pond,true,https://sharonfoc.org/wp-content/uploads/2014/08/eastern_pondhawk_dragonfly1.jpg,false,,
1698,Chicory,Gavins Pond Road near soccer fields,true,https://sharonfoc.org/wp-content/uploads/2014/08/chicory.jpg,false,,
2554,Hairy Woodpecker,Gavins Pond Road,true,https://sharonfoc.org/wp-content/uploads/2015/01/WS-hairy-woodpkr-t-nail.jpg,false,,
2033,Killdeer,Ward’s Berry Farm,true,https://sharonfoc.org/wp-content/uploads/2014/08/killdeer.jpg,false,,
8680,Bumble Bee,Gavins Pond Road area,true,https://sharonfoc.org/wp-content/uploads/2019/05/Sanderson-bumblebee-Bombus-Sandersoni.jpg,false,,
2378,Spotted Turtle (female),Gavins Pond Road behind Shaw’s Plaza,true,https://sharonfoc.org/wp-content/uploads/2014/08/spotted_turtle1.jpg,false,,
2374,Spotted knapweed,Gavins Pond Road-soccer parking area,true,https://sharonfoc.org/wp-content/uploads/2014/08/spotted_knapweed.jpg,false,,
1466,American Chestnut Tree,Beaver Brook near tennis courts,true,https://sharonfoc.org/wp-content/uploads/2018/05/American-chestnut2.jpg,false,,
2211,Princess pine,Beaver Brook near tennis courts,true,https://sharonfoc.org/wp-content/uploads/2014/08/princess_pine.jpg,false,,
2336,Skunk cabbage,Beaver Brook near tennis courts,true,https://sharonfoc.org/wp-content/uploads/2014/08/skunk_cabbage.jpg,false,,
2250,Red clover,Gavins Pond Road soccer field parking lot,true,https://sharonfoc.org/wp-content/uploads/2014/08/red_clover.jpg,false,,
2085,Milk Snake,South Pleasant Street,false,,false,,
2426,Tree swallow,field near Gavins Pond,true,https://sharonfoc.org/wp-content/uploads/2018/05/tree-swallow-head.jpg,false,,
2016,Iris (harlequin blueflag),Moose Hill Audubon Wildlife Sanctuary,true,https://sharonfoc.org/wp-content/uploads/2014/08/iris1.jpg,false,,
2172,Pearl Crescent butterfly,Moose Hill Audubon Wildlife Sanctuary,true,https://sharonfoc.org/wp-content/uploads/2014/08/pearl_crescent_butterfly.jpg,false,,
2467,Violet toothed polypore,Moose Hill Audubon Wildlife Sanctuary,true,https://sharonfoc.org/wp-content/uploads/2014/08/violet_toothed_polypore.jpg,false,,
2409,Tiger Swallowtail butterfly,Moose Hill Audubon Wildlife Sanctuary,true,https://sharonfoc.org/wp-content/uploads/2014/08/tiger_swallowtail.jpg,false,,
2502,White Corporal dragonfly,Gavins Pond,true,https://sharonfoc.org/wp-content/uploads/2014/08/white_corporal_dragonfly.jpg,false,,
2098,Monarch Butterfly,Gavins Pond,true,https://sharonfoc.org/wp-content/uploads/2014/08/monarch_butterfly.jpg,false,,
2463,Viceroy Butterfly,Gavins Pond Road,true,https://sharonfoc.org/wp-content/uploads/2014/08/viceroy_butterfly.jpg,false,,
2232,Red-backed salamander,"Hockomock Swamp, Easton",true,https://sharonfoc.org/wp-content/uploads/2014/08/red-backed_salamander.jpg,false,,
2566,Yellow Spotted Salamander,"Between 268 & 281 Mountain St, going west to east",false,,false,,
2564,Yellow Spotted Salamander,"Between 268 & 281 Mountain St, going west to east",false,,false,,
2562,Yellow Spotted Salamander,"Between 268 & 281 Mountain St, going east to west",false,,false,,
1507,American Woodcock,Gavins Pond Road across the street from the soccer fields,false,,false,,
1987,Hooded merganser,Gavins Pond,false,,false,,
1525,Bald Eagle,"Chessman Drive, Sharon",false,,false,,
1523,Bald Eagle,Lakeview St.,false,,false,,
2534,Wood Duck,Gavins Pond,true,https://sharonfoc.org/wp-content/uploads/2014/08/wood_duck1.jpg,false,,
2540,Wood Frog,Mass Bay Circuit Trail near Borderland State Park,true,https://sharonfoc.org/wp-content/uploads/2014/08/wood_frog.jpg,false,,
1846,Ebony Jewelwing Damselfly,Beaver Brook near tennis courts,true,https://sharonfoc.org/wp-content/uploads/2014/08/ebony_jewelwing1.jpg,false,,
2003,Indigo Bunting,"Moose Hill Farm, Trustees of Reservations",true,https://sharonfoc.org/wp-content/uploads/2014/08/indigo_bunting.jpg,false,,
6697,Black Racer,"Moose Hill Farm, Trustees of Reservations land",true,https://sharonfoc.org/wp-content/uploads/2018/05/black-racer-6-14-09-3-1.jpg,false,,
2228,Raccoon,Belcher St.,true,https://sharonfoc.org/wp-content/uploads/2014/08/raccoon.jpg,false,,
1907,Green Frog,"Massapoag Sportsmen’s Club, Belcher St.",true,https://sharonfoc.org/wp-content/uploads/2014/08/frogs.jpg,false,,
1753,Coyote,Lakeview Street,false,,false,,
1615,Eastern Bluebird,Moose Hill Audubon Wildlife Sanctuary,true,https://sharonfoc.org/wp-content/uploads/2014/08/bluebirds.jpg,false,,
2118,Mute Swan,Saw Mill Pond,true,https://sharonfoc.org/wp-content/uploads/2014/08/mute_swans2.jpg,false,,
2524,Wild Turkeys,Cheryl Drive,false,,false,,
1868,Northern Flicker,Backyard near Bay Road,true,https://sharonfoc.org/wp-content/uploads/2014/08/flicker.jpg,false,,
2272,Ring-necked Duck,Gavin’s Pond,true,https://sharonfoc.org/wp-content/uploads/2014/08/ring_necked_duck.jpg,false,,
1806,Bald Eagle & Deer,Lake Massapoag across from Arboro Drive,true,https://sharonfoc.org/wp-content/uploads/2014/08/eagle_deer.jpg,false,,
2254,Red-shouldered hawk,Sharon Community Gardens,false,,false,,
1691,Black-capped Chickadee,Backyard,true,https://sharonfoc.org/wp-content/uploads/2014/08/chickadee.jpg,false,,
1862,Fisher,"Pine Street, Sharon",true,https://sharonfoc.org/wp-content/uploads/2014/08/fisher.jpg,false,,
1518,Bald Eagle,"Lake Massapoag shore, 100 yd SSE of Yacht Club Beach",false,,false,,
2190,Pine Siskin,Backyard bird feeder,true,https://sharonfoc.org/wp-content/uploads/2014/08/pine_siskin.jpg,false,,
6762,Carolina Wren,Moose Hill Parkway,true,https://sharonfoc.org/wp-content/uploads/2018/05/carolina-wren-Josh-Simons-2.jpg,false,,
2416,Tufted Titmouse,Moose Hill Parkway,true,https://sharonfoc.org/wp-content/uploads/2014/08/titmouse.jpg,false,,
1775,Deer Mouse,Bluebird house in field near Gavins Pond Road,true,https://sharonfoc.org/wp-content/uploads/2014/08/deer_mouse.jpg,false,,
1773,White-Tailed Deer,Moose Hill Farm,true,https://sharonfoc.org/wp-content/uploads/2014/08/deer3.jpg,false,,
1551,Barred Owl,"Moose Hill Parkway, Mass. Audubon conservation land",true,https://sharonfoc.org/wp-content/uploads/2014/08/barredowl.jpg,false,,
2087,Milkweed,Moose Hill Farm (Trustees of Reservations),true,https://sharonfoc.org/wp-content/uploads/2014/08/milkweed3.jpg,false,,
2207,Praying Mantis,Gavins Pond Road backyard,true,https://sharonfoc.org/wp-content/uploads/2014/08/prayingmantis.jpg,false,,
186688,American eel,Beaver Brook near the outbound train station,true,https://sharonfoc.org/wp-content/uploads/2021/08/American-eel-Beaver-Brook-8-25-08-at-10-am.jpg,false,,
2552,Downy Woodpecker,66 N. Main Street,true,https://sharonfoc.org/wp-content/uploads/2014/08/woodpecker2.jpg,false,,
2014,Blue Flag Iris,Moose Hill Audubon Wildlife Sanctuary,true,https://sharonfoc.org/wp-content/uploads/2014/08/iris.jpg,false,,
2437,Wild Turkey,Moose Hill Farm,true,https://sharonfoc.org/wp-content/uploads/2014/08/turkey5.jpg,false,,
2256,Red-shouldered hawk,Pilgrim Drive,true,https://sharonfoc.org/wp-content/uploads/2014/08/red_shouldered_hawk.jpg,false,,
2550,Downy Woodpecker,Front yard,true,https://sharonfoc.org/wp-content/uploads/2014/08/woodpecker_male.jpg,false,,
8503,Gray Tree Frog,Trustees of Reservations Moose Hill Farm,true,https://sharonfoc.org/wp-content/uploads/2019/05/Gray-Tree-Frog-6-2-07-1010am.jpg,false,,
7379,Autumn Olive,Gavins Pond Road,true,https://sharonfoc.org/wp-content/uploads/2018/05/Autumn-Olive-DSC01145.jpg,false,,
199732,Snapping Turtle,Gavins Pond Road,true,https://sharonfoc.org/wp-content/uploads/2025/04/snapping-turtle-laying-eggs-6-9-05-7am.jpeg,false,,
4429,Yellow Spotted Salamander,Moose Hill Street near Kendall Estate,true,https://sharonfoc.org/wp-content/uploads/2016/03/Yellow-Spot_hands3-ps.jpg,false,,
